"","country","t","date","actual","fct","dif","index","index_pc"
"1","AT",0,2020-03-15,1.3176018,1.38071330278532,-4.78987678867203,100,0
"2","AT",1,2020-03-16,1.554849,1.6591820906367,-6.71017511261252,94.4917646250473,-5.50823537495269
"3","AT",2,2020-03-17,1.557792,1.67658958354537,-7.62602347074385,93.9310274841277,-6.06897251587232
"4","AT",3,2020-03-18,1.4988582,1.67158157618155,-11.5236635581373,92.8152665704037,-7.18473342959629
"5","AT",4,2020-03-19,1.4719185,1.65435609130533,-12.3945443518325,92.0247520826754,-7.97524791732457
"6","AT",5,2020-03-20,1.4147577,1.6131296634688,-14.0216210499366,91.3026714460033,-8.69732855399666
"7","AT",6,2020-03-21,1.360674,1.4652370308514,-7.68464972884009,91.508353319113,-8.49164668088699
"8","AT",7,2020-03-22,1.2858876,1.39437274174341,-8.43659599356941,91.5876176932875,-8.41238230671253
"9","AT",8,2020-03-23,1.5327999,1.72833529690556,-12.7567464550046,91.2355888140075,-8.76441118599247
"10","AT",9,2020-03-24,1.5576939,1.73900246556343,-11.6395503354947,91.0547958264851,-8.94520417351491
"11","AT",10,2020-03-25,1.5786045,1.77890453556618,-12.6884242105086,90.8229819905387,-9.17701800946126
"12","AT",11,2020-03-26,1.5804855,1.70588907198364,-7.93449683553816,90.9829743153725,-9.01702568462747
"13","AT",12,2020-03-27,1.452294,1.59500874745841,-9.82684962262559,90.9882330043874,-9.01176699561258
"14","AT",13,2020-03-28,1.2609603,1.3898429182405,-10.2209893713943,90.9720509744529,-9.02794902554707
"15","AT",14,2020-03-29,1.1788929,1.29571466140457,-9.90944651584308,90.9727023920755,-9.02729760792452
"16","AT",15,2020-03-30,1.5096933,1.66312453410615,-10.1630731292345,90.9597314942089,-9.04026850579115
"17","AT",16,2020-03-31,1.5325263,1.69288471963649,-10.4636651022882,90.9327349961098,-9.06726500389024
"18","AT",17,2020-04-01,1.502532,1.67456550388343,-11.4495733790314,90.8625567104986,-9.13744328950145
"19","AT",18,2020-04-02,1.4702112,1.61491081527654,-9.84209719505165,90.8719730633626,-9.12802693663743
"20","AT",19,2020-04-03,1.4278608,1.56405719184543,-9.53849225676834,90.8925353412946,-9.10746465870537
"21","AT",20,2020-04-04,1.2523986,1.3731404714499,-9.64085008158748,90.9054856604658,-9.09451433953419
"22","AT",21,2020-04-05,1.1658339,1.24750460762998,-7.00534678481867,90.9974046089999,-9.00259539100007
"23","AT",22,2020-04-06,1.3793796,1.52487879742286,-10.548162189934,90.974634906089,-9.02536509391102
"24","AT",23,2020-04-07,1.3764933,1.55109740901835,-12.6847046054164,90.8827140398081,-9.11728596019195
"25","AT",24,2020-04-08,1.3595202,1.55153344112723,-14.1236033953176,90.7537642070465,-9.24623579295347
"26","AT",25,2020-04-09,1.3460436,1.53614619803421,-14.1230639211248,90.6357846078912,-9.36421539210876
"27","AT",26,2020-04-10,1.2661371,1.3230685004551,-4.49646412344305,90.794976208322,-9.20502379167799
"28","AT",27,2020-04-11,1.1097288,1.31610444694436,-18.5969443114718,90.5985119445171,-9.40148805548289
"29","AT",28,2020-04-12,1.0214226,1.05532814611063,-3.31944350072444,90.7454889515274,-9.25451104847261
"30","AT",29,2020-04-13,1.0796742,1.30637289174517,-20.9969536870628,90.5141940091848,-9.48580599081515
"31","AT",30,2020-04-14,1.3660434,1.59122964388807,-16.4845599991972,90.3573393390131,-9.64266066098695
"32","AT",31,2020-04-15,1.3918842,1.5432898656474,-10.8777487126727,90.352037344728,-9.64796265527198
"33","AT",32,2020-04-16,1.3752279,1.5076540515931,-9.62939681438256,90.3779018136659,-9.62209818633413
"34","AT",33,2020-04-17,1.3229919,1.47241740250103,-11.2945137835714,90.3629606694492,-9.63703933055079
"35","AT",34,2020-04-18,1.1530062,1.28881161918462,-11.7783771834549,90.3411299749368,-9.65887002506319
"36","AT",35,2020-04-19,1.1250441,1.19403193612385,-6.13201172503826,90.4264118049603,-9.57358819503966
"37","AT",36,2020-04-20,1.3658211,1.48549253459463,-8.76186746526554,90.4667938911323,-9.53320610886766
"38","AT",37,2020-04-21,1.3877145,1.51231682060158,-8.97895933216677,90.5009248686838,-9.49907513131618
"39","AT",38,2020-04-22,1.3849416,1.51018192732935,-9.04300421976993,90.5318740726673,-9.46812592733271
"40","AT",39,2020-04-23,1.3801788,1.49866799084808,-8.58506092457577,90.5706609374194,-9.42933906258061
"41","AT",40,2020-04-24,1.3408245,1.45711950469175,-8.67339496643705,90.6048040436865,-9.39519595631354
"42","AT",41,2020-04-25,1.1620566,1.28001938108045,-10.1512078740786,90.6084461002555,-9.39155389974449
"43","AT",42,2020-04-26,1.0854045,1.18261465184568,-8.95612205824489,90.6300059437595,-9.36999405624049
"44","AT",43,2020-04-27,1.3593591,1.45404655496346,-6.96559540179337,90.6932383277733,-9.30676167222674
"45","AT",44,2020-04-28,1.3735602,1.47901094374116,-7.67718398808886,90.7411513157995,-9.25884868420049
"46","AT",45,2020-04-29,1.4327541,1.52545195156997,-6.46990656456447,90.8117827931784,-9.18821720682165
"47","AT",46,2020-04-30,1.3680009,1.48769949130054,-8.74989126838622,90.8359870829815,-9.16401291701852
"48","AT",47,2020-05-01,1.1160486,1.28404899095511,-15.0531429325845,90.7655922427566,-9.23440775724336
"49","AT",48,2020-05-02,1.1404179,1.28100873991186,-12.3280106276712,90.7349547369265,-9.2650452630735
"50","AT",49,2020-05-03,1.083771,1.18851451103236,-9.66472723779868,90.7422187249908,-9.25778127500919
"51","AT",50,2020-05-04,1.3442616,1.45124373720578,-7.95843139503389,90.7785111664083,-9.22148883359168
"52","AT",51,2020-05-05,1.3779162,1.50507795060514,-9.22855472670514,90.7936287722664,-9.20637122773356
"53","AT",52,2020-05-06,1.3713417,1.50845549509493,-9.998514235725,90.7958730608345,-9.20412693916548
"54","AT",53,2020-05-07,1.3682718,1.47697820707503,-7.94479628060951,90.8299579523846,-9.1700420476154
"55","AT",54,2020-05-08,1.3767543,1.44346837776378,-4.84575045553031,90.910660380893,-9.08933961910704
"56","AT",55,2020-05-09,1.2112218,1.263583533738,-4.32305080192601,90.9862999802143,-9.01370001978573
"57","AT",56,2020-05-10,1.0764765,1.16556528152803,-8.27596157724125,91.0053637975814,-8.99463620241859
"58","AT",57,2020-05-11,1.3628835,1.44433973692455,-5.9767571420848,91.0622214266804,-8.93777857331959
"59","AT",58,2020-05-12,1.3813722,1.52030435183458,-10.0575465348569,91.0587045583915,-8.94129544160847
"60","AT",59,2020-05-13,1.3892319,1.49794983661534,-7.82575872432388,91.0872826150689,-8.91271738493114
"61","AT",60,2020-05-14,1.3892769,1.49599114998657,-7.68128009517519,91.1169454871531,-8.88305451284687
"62","AT",61,2020-05-15,1.3808385,1.50199355679046,-8.77402077002197,91.1303910089086,-8.86960899109138
"63","AT",62,2020-05-16,1.157841,1.28781566069897,-11.2256053032297,91.1133688302491,-8.88663116975094
"64","AT",63,2020-05-17,1.0689219,1.17435699831627,-9.86368586107872,91.112222314686,-8.88777768531403
"65","AT",64,2020-05-18,1.3460049,1.44585124088019,-7.41797751852094,91.1423410216933,-8.85765897830672
"66","AT",65,2020-05-19,1.4255928,1.47969965550529,-3.7953934324927,91.2219858372972,-8.77801416270277
"67","AT",66,2020-05-20,1.3676022,1.49985203679258,-9.67019772215806,91.22138192388,-8.77861807612
"68","AT",67,2020-05-21,1.1203884,1.30645052788211,-16.6069309430646,91.1496026770214,-8.85039732297857
"69","AT",68,2020-05-22,1.2943224,1.45440012736644,-12.367685776468,91.1185216314238,-8.88147836857618
"70","AT",69,2020-05-23,1.1582037,1.27306700100362,-9.91736609057819,91.1167635224824,-8.88323647751761
"71","AT",70,2020-05-24,1.0636776,1.18566744609605,-11.4686861974018,91.1006392126097,-8.89936078739026
"72","AT",71,2020-05-25,1.365336,1.47461205495198,-8.00360167401836,91.1215840498196,-8.87841595018038
"73","AT",72,2020-05-26,1.4000679,1.51023617969086,-7.86878119917356,91.1440763455418,-8.85592365445824
"74","AT",73,2020-05-27,1.3704372,1.50186328535581,-9.5900844895196,91.1455394884541,-8.85446051154587
"75","AT",74,2020-05-28,1.4144481,1.51447271978802,-7.07163591142142,91.1766999130419,-8.82330008695807
"76","AT",75,2020-05-29,1.3851045,1.47542877679743,-6.52111640655496,91.2126640516414,-8.78733594835863
"77","AT",76,2020-05-30,1.1611719,1.30202124149833,-12.1299302453259,91.1890868827397,-8.81091311726034
"78","AT",77,2020-05-31,1.075248,1.05339420730039,2.03244206914244,91.2904007987987,-8.70959920120126
"79","AT",78,2020-06-01,1.1554614,1.28417580630411,-11.139654367001,91.2756644942916,-8.7243355057084
"80","AT",79,2020-06-02,1.4076603,1.31320225947841,6.71028660264064,91.4562054511798,-8.54379454882022
"81","AT",80,2020-06-03,1.3759281,1.49991776331363,-9.01134756341045,91.4597527844209,-8.54024721557907
"82","AT",81,2020-06-04,1.3739211,1.49701383098038,-8.9592285161342,91.4637569644345,-8.53624303556552
"83","AT",82,2020-06-05,1.364787,1.48017525609509,-8.45467139524996,91.4728735221668,-8.52712647783316
"84","AT",83,2020-06-06,1.1600982,1.28328593793695,-10.6187336500434,91.461551705395,-8.53844829460505
"85","AT",84,2020-06-07,1.0692414,1.18259255331736,-10.6010816002221,91.4514669367834,-8.54853306321655
"86","AT",85,2020-06-08,1.3895262,1.48675988455011,-6.9976143343042,91.4755093521386,-8.52449064786136
"87","AT",86,2020-06-09,1.385028,1.50712285639401,-8.81533488088383,91.4805840936024,-8.51941590639757
"88","AT",87,2020-06-10,1.4162049,1.51683778206125,-7.10581371814566,91.5030571862628,-8.49694281373723
"89","AT",88,2020-06-11,1.0970901,1.31704607056004,-20.0490343099473,91.4190053778021,-8.58099462219795
"90","AT",89,2020-06-12,1.2921084,1.46548991806901,-13.4184963172602,91.382372461831,-8.61762753816903
"91","AT",90,2020-06-13,1.133334,1.28512276977741,-13.3931188667604,91.351114304312,-8.64888569568795
"92","AT",91,2020-06-14,1.0673982,1.18629699673865,-11.1391228445629,91.3388130792727,-8.66118692072729
"93","AT",92,2020-06-15,1.3723407,1.48103508856597,-7.92036471453266,91.3534293007507,-8.64657069924931
"94","AT",93,2020-06-16,1.410327,1.49630057343838,-6.09600280207194,91.3854714101785,-8.61452858982153
"95","AT",94,2020-06-17,1.3984065,1.50244487603589,-7.43978063859745,91.404009092418,-8.59599090758202
"96","AT",95,2020-06-18,1.4090706,1.49637645936302,-6.19598899891994,91.4338531372875,-8.5661468627125
"97","AT",96,2020-06-19,1.3846401,1.46577180932065,-5.85940774939667,91.465604233627,-8.53439576637298
"98","AT",97,2020-06-20,1.1566629,1.29272250910444,-11.7631169033297,91.4473819228977,-8.55261807710225
"99","AT",98,2020-06-21,1.0912617,1.19248164446964,-9.27549683725208,91.4479215216822,-8.55207847831775
"100","AT",99,2020-06-22,1.384272,1.45565594956402,-5.15678635152809,91.4848337085787,-8.51516629142131
"101","AT",100,2020-06-23,1.3956957,1.48616805170628,-6.48224048453258,91.5096539709285,-8.49034602907147
"102","AT",101,2020-06-24,1.4450454,1.49540816558795,-3.48520299694039,91.5618178742486,-8.43818212575144
"103","AT",102,2020-06-25,1.3853898,1.49241784485703,-7.72548237738085,91.5745619854456,-8.42543801455442
"104","AT",103,2020-06-26,1.3470453,1.4554288019763,-8.04601760433024,91.5840699814277,-8.4159300185723
"105","AT",104,2020-06-27,1.1579274,1.27638291138022,-10.2299601322344,91.5767649387344,-8.42323506126557
"106","AT",105,2020-06-28,1.0949337,1.17693275567539,-7.48895167583083,91.5880205407258,-8.41197945927418
"107","AT",106,2020-06-29,1.3804488,1.45361437098988,-5.30012927606472,91.6199728664026,-8.38002713359742
"108","CA",0,2020-03-18,0.687989,0.677067017221422,1.58752287879279,100,0
"109","CA",1,2020-03-19,0.671469,0.669842006225075,0.24230363202546,100.931687020805,0.931687020805029
"110","CA",2,2020-03-20,0.645555,0.658058219414234,-1.93681706659146,100.00228218887,0.00228218887019693
"111","CA",3,2020-03-21,0.602135,0.602834735335209,-0.116209045348497,99.9749222448097,-0.0250777551903383
"112","CA",4,2020-03-22,0.582362,0.580597477179776,0.302994154876843,100.03483078704,0.0348307870398941
"113","CA",5,2020-03-23,0.62649,0.654344428507933,-4.44610903732422,99.3040419894802,-0.695958010519846
"114","CA",6,2020-03-24,0.639566,0.668205036003658,-4.4778859419759,98.7722556634782,-1.22774433652179
"115","CA",7,2020-03-25,0.629168,0.67262227658452,-6.90662535038659,98.0932605586839,-1.90673944131606
"116","CA",8,2020-03-26,0.624061,0.670061216075905,-7.37110892619542,97.5256831597888,-2.47431684021124
"117","CA",9,2020-03-27,0.619376,0.660213760848639,-6.59337153015921,97.1495308846147,-2.85046911538531
"118","CA",10,2020-03-28,0.591731,0.605639598763476,-2.35049351199718,97.1966546665448,-2.80334533345516
"119","CA",11,2020-03-29,0.562698,0.580888107021125,-3.23265890781996,97.1719051230778,-2.82809487692218
"120","CA",12,2020-03-30,0.604586,0.654011577194452,-8.17511109990176,96.8016862787733,-3.1983137212267
"121","CA",13,2020-03-31,0.616634,0.670909821081115,-8.80195076514027,96.4380636026444,-3.56193639735558
"122","CA",14,2020-04-01,0.602401,0.667978772552925,-10.8860663499771,96.0069936327748,-3.99300636722518
"123","CA",15,2020-04-02,0.602232,0.66556086204278,-10.5156919663486,95.6521952914971,-4.34780470850286
"124","CA",16,2020-04-03,0.589576,0.658572823469487,-11.7027869976877,95.2858353980385,-4.71416460196149
"125","CA",17,2020-04-04,0.578163,0.605008004426915,-4.64315503187084,95.3002563996127,-4.69974360038732
"126","CA",18,2020-04-05,0.581279,0.589159414522914,-1.35570260114575,95.462467802373,-4.53753219762696
"127","CA",19,2020-04-06,0.630505,0.66262803735338,-5.09481088228955,95.4464972853839,-4.55350271461609
"128","CA",20,2020-04-07,0.62529,0.667040392047491,-6.6769646160168,95.3624821828008,-4.63751781719922
"129","CA",21,2020-04-08,0.62297,0.67242618107885,-7.93877411092829,95.2339277881513,-4.76607221184868
"130","CA",22,2020-04-09,0.638634,0.672851415944227,-5.35790702408998,95.2194930417403,-4.78050695825966
"131","CA",23,2020-04-10,0.607631,0.639164846051621,-5.18963746938863,95.2131904145348,-4.78680958546515
"132","CA",24,2020-04-11,0.550586,0.606535337156908,-10.1617798412796,95.0463464016047,-4.95365359839531
"133","CA",25,2020-04-12,0.545283,0.584242790259235,-7.14487527746793,94.9864149103295,-5.01358508967051
"134","CA",26,2020-04-13,0.583839,0.657731791393704,-12.6563644076027,94.7509113595574,-5.24908864044264
"135","CA",27,2020-04-14,0.583436,0.683756671923821,-17.1948031872941,94.3941174333926,-5.60588256660743
"136","CA",28,2020-04-15,0.591287,0.69663788231937,-17.8172160590999,94.0406136833531,-5.95938631664689
"137","CA",29,2020-04-16,0.589152,0.679952461822767,-15.4120603550131,93.7819018219424,-6.2180981780576
"138","CA",30,2020-04-17,0.59491,0.663290797826375,-11.4943096983368,93.646878688922,-6.35312131107803
"139","CA",31,2020-04-18,0.565087,0.609329764961387,-7.82937228451313,93.6201666488963,-6.3798333511037
"140","CA",32,2020-04-19,0.537721,0.587151716669395,-9.1926327350791,93.5639478154091,-6.43605218459093
"141","CA",33,2020-04-20,0.594693,0.66060956284384,-11.0841329633676,93.4573685998045,-6.54263140019552
"142","CA",34,2020-04-21,0.592319,0.678262461495572,-14.5096580551311,93.2737124128689,-6.72628758713111
"143","CA",35,2020-04-22,0.62103,0.70872866231511,-14.121485647249,93.102228913404,-6.89777108659597
"144","CA",36,2020-04-23,0.659527,0.723405148050699,-9.68544851851393,93.0441398612556,-6.95586013874438
"145","CA",37,2020-04-24,0.701783,0.737768521107755,-5.1277276747592,93.1059572623022,-6.89404273769777
"146","CA",38,2020-04-25,0.685905,0.678383425001737,1.09659136444009,93.3190125209063,-6.68098747909374
"147","CA",39,2020-04-26,0.635265,0.643186435655956,-1.2469498014145,93.4531760671685,-6.54682393283153
"148","CA",40,2020-04-27,0.67363,0.692904588301074,-2.86130194633161,93.5504580390609,-6.44954196093911
"149","CA",41,2020-04-28,0.720125,0.734892146249528,-2.05063652137169,93.6688867949683,-6.3311132050317
"150","CA",42,2020-04-29,0.707557,0.707903051479734,-0.0489079296416307,93.8262524240026,-6.17374757599741
"151","CA",43,2020-04-30,0.685351,0.702896355811155,-2.56005401774486,93.9155023732309,-6.08449762676908
"152","CA",44,2020-05-01,0.651444,0.696600265326368,-6.93171866290403,93.9061576254778,-6.0938423745222
"153","CA",45,2020-05-02,0.617613,0.635206851795934,-2.84868547066437,93.9758543041152,-6.02414569588477
"154","CA",46,2020-05-03,0.586538,0.611039603392903,-4.17732583275136,94.0156791660391,-5.98432083396088
"155","CA",47,2020-05-04,0.660789,0.707756211231486,-7.10774713735944,94.0010880688324,-5.99891193116763
"156","CA",48,2020-05-05,0.708397,0.736224005773389,-3.92816538937762,94.0515931144697,-5.94840688553032
"157","CA",49,2020-05-06,0.739389,0.744637336696457,-0.70982077045467,94.1695748410433,-5.8304251589567
"158","CA",50,2020-05-07,0.764118,0.769031415565684,-0.643017906355233,94.2874719553546,-5.71252804464537
"159","CA",51,2020-05-08,0.762976,0.767000763157015,-0.527508487424936,94.4023709055149,-5.59762909448509
"160","CA",52,2020-05-09,0.690298,0.670121492912073,2.92286912144133,94.5657873225883,-5.43421267741169
"161","CA",53,2020-05-10,0.631525,0.628517474189963,0.476232264761885,94.6692193625355,-5.33078063746449
"162","CA",54,2020-05-11,0.667101,0.69229185067911,-3.77616742878661,94.7012050833805,-5.29879491661947
"163","CA",55,2020-05-12,0.655316,0.695246612224502,-6.09333698925431,94.6929221937622,-5.30707780623779
"164","CA",56,2020-05-13,0.651272,0.699420224042619,-7.39295164579755,94.6639098118654,-5.33609018813463
"165","CA",57,2020-05-14,0.652327,0.699898439854373,-7.29257563375009,94.6375017057913,-5.36249829420866
"166","CA",58,2020-05-15,0.660204,0.707982860532969,-7.23698440678469,94.6126101823223,-5.38738981767774
"167","CA",59,2020-05-16,0.64339,0.662334371947512,-2.9444616713831,94.6543652252089,-5.34563477479105
"168","CA",60,2020-05-17,0.621315,0.627429593865109,-0.984137493076537,94.7217265851301,-5.27827341486994
"169","CA",61,2020-05-18,0.644743,0.691105842385223,-7.19090279153444,94.6978541968412,-5.30214580315882
"170","CA",62,2020-05-19,0.630174,0.70301332015454,-11.5586044734533,94.6133941595428,-5.38660584045715
"171","CA",63,2020-05-20,0.635513,0.715849367334439,-12.6411839465816,94.5158404067191,-5.48415959328094
"172","CA",64,2020-05-21,0.672171,0.738464364992686,-9.86257440334166,94.4566269929136,-5.54337300708642
"173","CA",65,2020-05-22,0.661633,0.712691429340234,-7.71703185001869,94.430537204324,-5.56946279567599
"174","CA",66,2020-05-23,0.611497,0.666425474041912,-8.98262363378914,94.3909031523683,-5.60909684763168
"175","CA",67,2020-05-24,0.619812,0.67844555791132,-9.45989395354076,94.3457937839506,-5.6542062160494
"176","CA",68,2020-05-25,0.717164,0.77380803507787,-7.89833776902771,94.3180070247009,-5.68199297529912
"177","CA",69,2020-05-26,0.844793,0.817403383729286,3.24216894206207,94.4743987630611,-5.52560123693887
"178","CA",70,2020-05-27,0.87677,0.822107978121171,6.23447675887966,94.6827717256117,-5.31722827438833
"179","CA",71,2020-05-28,0.840364,0.7923811192167,5.70977347712423,94.8673376623869,-5.13266233761311
"180","CA",72,2020-05-29,0.765139,0.743065812536291,2.88485980504315,94.9888098368522,-5.01119016314777
"181","CA",73,2020-05-30,0.670629,0.673698405146201,-0.457690488511634,95.0498954327361,-4.95010456726393
"182","CA",74,2020-05-31,0.643894,0.655324232419448,-1.7751729973331,95.0911722873078,-4.90882771269216
"183","CA",75,2020-06-01,0.736865,0.755314161406928,-2.50373696768441,95.1272357797718,-4.87276422022823
"184","CA",76,2020-06-02,0.807302,0.809081845837912,-0.220468404378042,95.1989918681181,-4.80100813188187
"185","CA",77,2020-06-03,0.899005,0.876891618154494,2.45976183063565,95.3193783380136,-4.68062166198636
"186","CA",78,2020-06-04,0.866542,0.806767966090436,6.89799616285925,95.4995136896921,-4.50048631030788
"187","CA",79,2020-06-05,0.73256,0.736513375694978,-0.539665787782328,95.5527062167542,-4.44729378324583
"188","CA",80,2020-06-06,0.638964,0.683096753964477,-6.90692338918578,95.5279544407398,-4.47204555926024
"189","CA",81,2020-06-07,0.598662,0.663517993380828,-10.8334909148782,95.4653831882397,-4.53461681176026
"190","CA",82,2020-06-08,0.68666,0.765080780481914,-11.4206128916661,95.3886606118463,-4.61133938815368
"191","CA",83,2020-06-09,0.788773,0.833653565370519,-5.68992160869078,95.3775275900519,-4.62247240994814
"192","CA",84,2020-06-10,0.87208,0.873801704218826,-0.1974250319725,95.4434024639404,-4.55659753605957
"193","CA",85,2020-06-11,0.868552,0.844279455156448,2.79459892367431,95.5487717499914,-4.45122825000864
"194","CA",86,2020-06-12,0.757951,0.761968956605902,-0.530107699033577,95.5983491626794,-4.40165083732059
"195","CA",87,2020-06-13,0.665798,0.705922357047268,-6.02650609453144,95.5835129469053,-4.41648705309468
"196","CA",88,2020-06-14,0.65991,0.703450221411597,-6.59790295822108,95.5633039134185,-4.43669608658148
"197","CA",89,2020-06-15,0.750471,0.780463214113786,-3.99645210991316,95.5707195069854,-4.42928049301456
"198","CA",90,2020-06-16,0.731781,0.776182291435688,-6.06756549236563,95.554880398118,-4.44511960188203
"199","CA",91,2020-06-17,0.743696,0.801164784195945,-7.72745640637368,95.5207702536131,-4.47922974638689
"200","CA",92,2020-06-18,0.774844,0.819640836374354,-5.78140069153968,95.508314296094,-4.49168570390604
"201","CA",93,2020-06-19,0.783218,0.812430422855705,-3.72979462368145,95.519392869343,-4.48060713065701
"202","CA",94,2020-06-20,0.733765,0.756116814433154,-3.04618160216877,95.5367360361182,-4.46326396388183
"203","CA",95,2020-06-21,0.72975,0.753291205504363,-3.2259274415023,95.5517326261937,-4.44826737380633
"204","CA",96,2020-06-22,0.829954,0.85090153749517,-2.52393957920199,95.576565159892,-4.42343484010804
"205","CA",97,2020-06-23,0.856678,0.864296039425912,-0.889253538191906,95.6209766192342,-4.3790233807658
"206","CA",98,2020-06-24,0.861337,0.869753236208976,-0.977113047387495,95.6634836150519,-4.33651638494807
"207","CA",99,2020-06-25,0.855722,0.85747301298561,-0.204624046782727,95.7136308408005,-4.28636915919947
"208","CA",100,2020-06-26,0.85888,0.875634127641898,-1.95069481672619,95.7426780739146,-4.25732192608535
"209","CA",101,2020-06-27,0.800551,0.800462483886298,0.0110568987736888,95.7899122122812,-4.21008778771876
"210","CA",102,2020-06-28,0.682436,0.724797042763609,-6.20732827160487,95.7736974638133,-4.22630253618665
"211","CA",103,2020-06-29,0.73512,0.809317431768948,-10.0932407999984,95.7195567491498,-4.28044325085023
"212","DE",0,2020-03-21,4.86696806,5.00944714225021,-2.92747107631964,100,0
"213","DE",1,2020-03-22,4.52794235,4.6185304729628,-2.00064656218065,97.5792714261742,-2.4207285738258
"214","DE",2,2020-03-23,5.37756337,5.72040094224509,-6.37533300226058,96.2477809932681,-3.75221900673186
"215","DE",3,2020-03-24,5.43901802,5.86630382518574,-7.85593656087473,95.2712439217823,-4.72875607821769
"216","DE",4,2020-03-25,5.41707801,5.85617480172034,-8.10578675274308,94.6721769298195,-5.32782307018054
"217","DE",5,2020-03-26,5.37180106,5.81964403454591,-8.33692405105389,94.2532637726318,-5.74673622736822
"218","DE",6,2020-03-27,5.20785341,5.6410885847343,-8.31888190060057,93.970231865635,-6.02976813436503
"219","DE",7,2020-03-28,4.57544348,4.8416370440787,-5.81787460040262,94.029590888373,-5.97040911162696
"220","DE",8,2020-03-29,4.37031415,4.5222518162093,-3.47658454276795,94.2760844438603,-5.72391555613967
"221","DE",9,2020-03-30,5.34721969,5.60971696228088,-4.90904222191916,94.3856031343215,-5.61439686567849
"222","DE",10,2020-03-31,5.36043811,5.74622569212323,-7.19694126126629,94.2789868446794,-5.72101315532065
"223","DE",11,2020-04-01,5.4053275,5.72814368753191,-5.97218554346444,94.2865148519644,-5.71348514803556
"224","DE",12,2020-04-02,5.38758402,5.66747064894855,-5.19503042383271,94.3486879699747,-5.65131203002534
"225","DE",13,2020-04-03,5.30410603,5.540893244754,-4.46422476124593,94.4488953819103,-5.55110461808965
"226","DE",14,2020-04-04,4.51271992,4.70979194260533,-4.36703420772744,94.5284692620554,-5.47153073794458
"227","DE",15,2020-04-05,4.22270778,4.28377400218223,-1.44613895546963,94.731942785745,-5.26805721425504
"228","DE",16,2020-04-06,4.98740085,5.37625576124543,-7.79674469609607,94.6152982345587,-5.38470176544135
"229","DE",17,2020-04-07,5.0568424,5.53265410679187,-9.40926509380375,94.4301655108906,-5.56983448910938
"230","DE",18,2020-04-08,4.97702882,5.55019214087014,-11.5161744406001,94.1704004042598,-5.82959959574022
"231","DE",19,2020-04-09,4.84986151,5.51989662570437,-13.8155515229211,93.8454231360323,-6.15457686396768
"232","DE",20,2020-04-10,4.03488351,4.7047497344759,-16.6018727136908,93.5054526725662,-6.49454732743381
"233","DE",21,2020-04-11,4.08354942,4.60880062589614,-12.8626141592316,93.3114777228067,-6.68852227719334
"234","DE",22,2020-04-12,3.78592778,3.56033319895054,5.95876609800139,93.6978072657639,-6.30219273423614
"235","DE",23,2020-04-13,3.95487177,4.6545437795292,-17.6913955804235,93.3719293232981,-6.62807067670187
"236","DE",24,2020-04-14,4.78047323,5.55935273552406,-16.2929372898937,93.0568374868768,-6.94316251312324
"237","DE",25,2020-04-15,4.93824903,5.53519824166702,-12.088276796908,92.9002415481269,-7.09975845187311
"238","DE",26,2020-04-16,4.95842257,5.51059464800504,-11.1360431711862,92.7863420951731,-7.21365790482695
"239","DE",27,2020-04-17,4.91888424,5.39858797764193,-9.75228759687028,92.7248065877543,-7.27519341224566
"240","DE",28,2020-04-18,4.26038753,4.61943300262391,-8.42753083130692,92.7096242004612,-7.29037579953877
"241","DE",29,2020-04-19,4.02070188,4.24397330634717,-5.55304603551373,92.764993419837,-7.23500658016303
"242","DE",30,2020-04-20,4.98629318,5.35950094089277,-7.48467343215399,92.7740369732967,-7.22596302670328
"243","DE",31,2020-04-21,5.1676832,5.52754526576478,-6.96370214344363,92.7978026384251,-7.20219736157495
"244","DE",32,2020-04-22,5.1101244,5.55687279742253,-8.74241725744534,92.7707494658069,-7.22925053419306
"245","DE",33,2020-04-23,5.1161356,5.53972515818631,-8.27948262720609,92.7577332519919,-7.24226674800808
"246","DE",34,2020-04-24,4.93243213,5.42506311247151,-9.98758765427776,92.7032236096677,-7.29677639033231
"247","DE",35,2020-04-25,4.33802725,4.64946145899365,-7.17916672823235,92.7180554255184,-7.28194457448159
"248","DE",36,2020-04-26,4.07202602,4.25355702169024,-4.45800200683013,92.7848778272472,-7.21512217275277
"249","DE",37,2020-04-27,4.95461812,5.36042793277425,-8.19053664572333,92.7752197828855,-7.22478021711446
"250","DE",38,2020-04-28,5.10311998,5.52903087442611,-8.34608819889252,92.7621743474071,-7.23782565259287
"251","DE",39,2020-04-29,5.14890106,5.55903811964997,-7.96552613597844,92.7584379267774,-7.24156207322261
"252","DE",40,2020-04-30,5.02086761,5.53255355188065,-10.1911856998883,92.7065121628764,-7.29348783712365
"253","DE",41,2020-05-01,4.06328377,4.72704442879824,-16.3355723195832,92.5605700551305,-7.43942994486952
"254","DE",42,2020-05-02,4.2179857,4.63485077388284,-9.88303667987391,92.5282872895075,-7.47171271049245
"255","DE",43,2020-05-03,3.99982013,4.22669938468007,-5.67223643329367,92.5673870893395,-7.43261291066054
"256","DE",44,2020-05-04,5.00391205,5.32840662452479,-6.4848177042758,92.5981241015844,-7.40187589841558
"257","DE",45,2020-05-05,5.10835241,5.49562087513945,-7.58108356779266,92.6063128249993,-7.39368717500075
"258","DE",46,2020-05-06,5.04200449,5.50917041154196,-9.26548007778469,92.5817671709527,-7.41823282904726
"259","DE",47,2020-05-07,4.98456924,5.46936669382496,-9.72596488247321,92.5500438924172,-7.44995610758284
"260","DE",48,2020-05-08,4.80631273,5.34763631257337,-11.2627623915219,92.493903292378,-7.50609670762201
"261","DE",49,2020-05-09,4.20344426,4.56180833428398,-8.52548653241764,92.4877484154673,-7.51225158453275
"262","DE",50,2020-05-10,4.01453071,4.1695523654098,-3.86151375112536,92.5478297663508,-7.45217023364918
"263","DE",51,2020-05-11,5.18129141,5.29486344011249,-2.19196376203225,92.6524446997098,-7.34755530029022
"264","DE",52,2020-05-12,5.15623039,5.47818891577538,-6.24406788338606,92.6818342553649,-7.31816574463511
"265","DE",53,2020-05-13,5.10954323,5.49541162154348,-7.55191558568096,92.6876624636248,-7.31233753637522
"266","DE",54,2020-05-14,5.1084591,5.46808327265804,-7.03977785900325,92.7017721816642,-7.2982278183358
"267","DE",55,2020-05-15,5.03906177,5.34663519985219,-6.10378367821022,92.7302279559615,-7.26977204403852
"268","DE",56,2020-05-16,4.27582128,4.55278352676495,-6.47740465815147,92.7485408324244,-7.25145916757563
"269","DE",57,2020-05-17,3.94800209,4.16554797293502,-5.51027780572973,92.7767960424206,-7.22320395757936
"270","DE",58,2020-05-18,4.90872146,5.27544246431935,-7.47080491952271,92.7815053575619,-7.21849464243806
"271","DE",59,2020-05-19,5.04084804,5.44904907936284,-8.09786440939498,92.7767088549334,-7.2232911450666
"272","DE",60,2020-05-20,4.84527565,5.479117716854,-13.0816513370916,92.7012089392533,-7.29879106074665
"273","DE",61,2020-05-21,3.91411233,4.77376162363686,-21.9628161166457,92.5415007868032,-7.45849921319677
"274","DE",62,2020-05-22,4.49843046,5.35853868052035,-19.1201848771127,92.4000251139964,-7.59997488600359
"275","DE",63,2020-05-23,4.27923282,4.57674991759723,-6.95258028978275,92.4152704747138,-7.58472952528618
"276","DE",64,2020-05-24,4.0547393,4.19852324210641,-3.54607118900135,92.4675284428155,-7.53247155718449
"277","DE",65,2020-05-25,5.02086847,5.30662555023673,-5.69138749489549,92.5010925428934,-7.4989074571066
"278","DE",66,2020-05-26,4.9363555,5.47436495045227,-10.8989202753382,92.4641397303687,-7.53586026963129
"279","DE",67,2020-05-27,4.93905189,5.50286599380661,-11.4154318756633,92.4215950235086,-7.57840497649144
"280","DE",68,2020-05-28,4.95755357,5.48462604166351,-10.6317050178341,92.3902957974336,-7.60970420256642
"281","DE",69,2020-05-29,4.74206533,5.36816026794705,-13.2030011055763,92.3300819378397,-7.66991806216032
"282","DE",70,2020-05-30,4.15865787,4.58533150988475,-10.2598880028751,92.3095923301264,-7.69040766987362
"283","DE",71,2020-05-31,3.83908438,4.19546900787592,-9.28306316299101,92.3004781773473,-7.69952182265271
"284","DE",72,2020-06-01,3.86177807,4.61910573776181,-19.6108542239924,92.1932976396774,-7.80670236032265
"285","DE",73,2020-06-02,4.90884803,5.4863028210701,-11.7635499722345,92.1540724778772,-7.84592752212275
"286","DE",74,2020-06-03,5.08730176,5.50713294245255,-8.25253154341197,92.1572491741548,-7.84275082584523
"287","DE",75,2020-06-04,5.13656028,5.47501180006536,-6.58906936969424,92.180493418942,-7.81950658105802
"288","DE",76,2020-06-05,5.0644613,5.36804144765106,-5.99432258769677,92.2097856079769,-7.79021439202307
"289","DE",77,2020-06-06,4.43312442,4.57538909623417,-3.20912888418706,92.2631700940347,-7.73682990596525
"290","DE",78,2020-06-07,4.03788879,4.18691312588037,-3.69064983288869,92.3063186478086,-7.69368135219139
"291","DE",79,2020-06-08,4.88359195,5.29150441384796,-8.35271390452589,92.3061236012086,-7.69387639879142
"292","DE",80,2020-06-09,5.0201674,5.46160780609995,-8.79334035952563,92.3010214564309,-7.69897854356905
"293","DE",81,2020-06-10,4.97458353,5.49037688112898,-10.3685735301942,92.278941738577,-7.72105826142295
"294","DE",82,2020-06-11,4.35890503,4.77747384724333,-9.60261382990782,92.2672863263986,-7.73271367360141
"295","DE",83,2020-06-12,4.57549859,5.37571343809715,-17.4891289409653,92.1782268908306,-7.82177310916941
"296","DE",84,2020-06-13,4.26648063,4.59740096977039,-7.75628365551476,92.1847989552313,-7.81520104476874
"297","DE",85,2020-06-14,4.04218275,4.19916419930441,-3.88358119890562,92.2236566748377,-7.77634332516226
"298","DE",86,2020-06-15,4.87640222,5.31511876224264,-8.99672591492334,92.2179612137977,-7.78203878620235
"299","DE",87,2020-06-16,5.011083,5.4940691197797,-9.63835801122636,92.2056795831375,-7.79432041686253
"300","DE",88,2020-06-17,5.06878668,5.53553358689794,-9.20825705172391,92.1979559463026,-7.80204405369741
"301","DE",89,2020-06-18,5.08871724,5.51957546152898,-8.46693186530791,92.197908692662,-7.80209130733796
"302","DE",90,2020-06-19,4.83059612,5.41168457214544,-12.0293321509444,92.1639515378932,-7.83604846210676
"303","DE",91,2020-06-20,4.19635006,4.63667195884832,-10.4929734782022,92.1476564164111,-7.85234358358893
"304","DE",92,2020-06-21,3.89237777,4.26316672775472,-9.52602701136902,92.140098679675,-7.85990132032502
"305","DE",93,2020-06-22,4.89467202,5.38346970443647,-9.98632150303858,92.1264791787689,-7.87352082123107
"306","DE",94,2020-06-23,5.07426498,5.56595874088285,-9.68995042278716,92.1155178444069,-7.88448215559315
"307","DE",95,2020-06-24,5.07484255,5.60570232822026,-10.4606157331967,92.0975002567478,-7.90249974325219
"308","DE",96,2020-06-25,5.04002612,5.59838587324645,-11.0785091178544,92.0742591785603,-7.92574082143966
"309","DE",97,2020-06-26,4.95171927,5.49399113523416,-10.9511835317384,92.0530784012365,-7.94692159876354
"310","DE",98,2020-06-27,4.32286485,4.7105646059889,-8.96858378510022,92.0504551380311,-7.94954486196889
"311","DE",99,2020-06-28,3.96315259,4.29702811379725,-8.42449328445492,92.051958602437,-7.948041397563
"312","DE",100,2020-06-29,4.95263429,5.40798296237689,-9.19407017991007,92.0470395607409,-7.95296043925906
"313","ES",0,2020-03-13,2.075949,2.06053512639769,0.742497701162919,100,0
"314","ES",1,2020-03-14,1.830438,1.86118011907353,-1.67949523958372,99.6091443536367,-0.390855646363349
"315","ES",2,2020-03-15,1.700979,1.73377453189729,-1.92803861172245,99.1490785190509,-0.850921480949083
"316","ES",3,2020-03-16,1.99638,2.07951010157953,-4.16404199498747,98.3031172462554,-1.69688275374465
"317","ES",4,2020-03-17,2.011632,2.09474059987232,-4.13140176097411,97.8192457951231,-2.18075420487686
"318","ES",5,2020-03-18,1.949607,2.10712450508522,-8.07944909334164,96.8846092805189,-3.1153907194811
"319","ES",6,2020-03-19,1.817322,2.09576946371688,-15.32185621023,95.3656068641292,-4.63439313587081
"320","ES",7,2020-03-20,1.850589,2.08580047296831,-12.7100870570565,94.5060489746463,-5.49395102535371
"321","ES",8,2020-03-21,1.755588,1.87865100527502,-7.00978847400502,94.3957486783113,-5.60425132168872
"322","ES",9,2020-03-22,1.662237,1.74141248527943,-4.76318871974524,94.489056925774,-5.51094307422599
"323","ES",10,2020-03-23,1.863144,2.04112966935872,-9.55297440019259,94.1883163669035,-5.81168363309651
"324","ES",11,2020-03-24,1.886913,2.0686098839037,-9.62931962966483,93.9305370628727,-6.06946293712727
"325","ES",12,2020-03-25,1.891542,2.07293706739954,-9.58979855586302,93.7161219357978,-6.28387806420217
"326","ES",13,2020-03-26,1.879302,2.05999006041273,-9.61463673282588,93.5329959054384,-6.46700409456164
"327","ES",14,2020-03-27,1.904526,2.02956823679385,-6.56553057263857,93.5536885826664,-6.44631141733363
"328","ES",15,2020-03-28,1.723197,1.80082666261812,-4.50497897907884,93.6745793285171,-6.32542067148295
"329","ES",16,2020-03-29,1.530564,1.66521634478091,-8.79756382489814,93.5869950115906,-6.41300498840936
"330","ES",17,2020-03-30,1.73367,1.988844400479,-14.7187411952103,93.2271261943735,-6.77287380562655
"331","ES",18,2020-03-31,1.744626,2.06310873701013,-18.2550722624865,92.7508218049486,-7.24917819505139
"332","ES",19,2020-04-01,1.665423,2.03582391670518,-22.2406509760692,92.1876398803457,-7.81236011965427
"333","ES",20,2020-04-02,1.706472,2.02203108706695,-18.4918994901146,91.8086937880103,-8.19130621198968
"334","ES",21,2020-04-03,1.666596,1.99351390286243,-19.6159058861555,91.4332401273241,-8.5667598726759
"335","ES",22,2020-04-04,1.549716,1.80084028740132,-16.2045360182977,91.2198231572655,-8.78017684273446
"336","ES",23,2020-04-05,1.477026,1.6808104959465,-13.7969471049594,91.100392062991,-8.89960793700899
"337","ES",24,2020-04-06,1.622805,1.97911859238973,-21.9566486663355,90.7329846224171,-9.26701537758294
"338","ES",25,2020-04-07,1.61907,2.02806031110788,-25.2608170806626,90.3001389399715,-9.69986106002845
"339","ES",26,2020-04-08,1.590819,2.03064873219314,-27.6480059763645,89.8427725329475,-10.1572274670525
"340","ES",27,2020-04-09,1.519689,2.01966615494077,-32.8999653837575,89.3078684709457,-10.6921315290543
"341","ES",28,2020-04-10,1.456848,1.77488612325408,-21.8305631921847,89.0824234794432,-10.9175765205568
"342","ES",29,2020-04-11,1.481157,1.79387448360828,-21.1130544303057,88.8832859094364,-11.1167140905636
"343","ES",30,2020-04-12,1.429401,1.47932275632555,-3.49249485102829,89.0736389332139,-10.9263610667861
"344","ES",31,2020-04-13,1.54497,1.72702265942184,-11.7835724591309,89.0843799332594,-10.9156200667406
"345","ES",32,2020-04-14,1.680171,1.97231822300823,-17.3879458107672,88.9640410105523,-11.0359589894477
"346","ES",33,2020-04-15,1.724934,1.97550045741835,-14.5261475174323,88.9146030314284,-11.0853969685716
"347","ES",34,2020-04-16,1.722615,1.95874406832725,-13.7075938806551,88.8865879026177,-11.1134120973823
"348","ES",35,2020-04-17,1.709853,1.93789903492169,-13.337171962835,88.8684067363469,-11.1315932636531
"349","ES",36,2020-04-18,1.580187,1.74813248823957,-10.6282033860279,88.905685585952,-11.094314414048
"350","ES",37,2020-04-19,1.486698,1.63069292601789,-9.68555322048555,88.956178567199,-11.043821432801
"351","ES",38,2020-04-20,1.666455,1.91169443659337,-14.716235157467,88.9107092601999,-11.0892907398001
"352","ES",39,2020-04-21,1.730328,1.97636132745275,-14.2188837869325,88.87581719819,-11.12418280181
"353","ES",40,2020-04-22,1.737183,1.9613300001471,-12.9029008542625,88.868263328945,-11.131736671055
"354","ES",41,2020-04-23,1.72926,1.94840845582289,-12.6729616033965,88.8654742969481,-11.1345257030519
"355","ES",42,2020-04-24,1.713186,1.92824206919339,-12.5529901127716,88.8650452232827,-11.1349547767173
"356","ES",43,2020-04-25,1.596021,1.73617893508593,-8.78170995782171,88.9279027517592,-11.0720972482408
"357","ES",44,2020-04-26,1.491927,1.61030116544013,-7.93431350462369,88.9974233916513,-11.0025766083487
"358","ES",45,2020-04-27,1.686369,1.88597012607565,-11.8361477277896,89.0063976534772,-10.9936023465228
"359","ES",46,2020-04-28,1.726002,1.91822077428286,-11.1366484096114,89.02713538993,-10.97286461007
"360","ES",47,2020-04-29,1.732194,1.92069249957388,-10.8820663028436,89.0513495870377,-10.9486504129623
"361","ES",48,2020-04-30,1.693065,1.90831525401651,-12.713643836268,89.0446183330428,-10.9553816669572
"362","ES",49,2020-05-01,1.489227,1.68512519181589,-13.1543540250003,89.0328012714473,-10.9671987285527
"363","ES",50,2020-05-02,1.516086,1.72614843832931,-13.855575365072,89.0114587622535,-10.9885412377465
"364","ES",51,2020-05-03,1.470972,1.61345558198719,-9.68635582371317,89.046676087507,-10.953323912493
"365","ES",52,2020-05-04,1.672866,1.91235725592447,-14.3162247259777,89.0168781112295,-10.9831218887705
"366","ES",53,2020-05-05,1.741119,1.94489089350731,-11.7035018001243,89.0264568196239,-10.9735431803761
"367","ES",54,2020-05-06,1.759026,1.96787207447948,-11.8728247609458,89.0332390879635,-10.9667609120365
"368","ES",55,2020-05-07,1.734378,1.9695633458788,-13.5602127032745,89.0152462659423,-10.9847537340577
"369","ES",56,2020-05-08,1.714236,1.95490962079951,-14.0397016979875,88.9913676575278,-11.0086323424722
"370","ES",57,2020-05-09,1.561293,1.7650574440219,-13.0510060585618,88.9827997657361,-11.0172002342639
"371","ES",58,2020-05-10,1.456941,1.64416397878452,-12.8504159595012,88.9773696169405,-11.0226303830595
"372","ES",59,2020-05-11,1.682355,1.92701093385861,-14.5424677822818,88.9490649249339,-11.0509350750661
"373","ES",60,2020-05-12,1.776105,1.97762844242123,-11.3463698610856,88.9637511189023,-11.0362488810977
"374","ES",61,2020-05-13,1.759476,1.97751331849899,-12.3921734936421,88.9639258365639,-11.0360741634361
"375","ES",62,2020-05-14,1.762395,1.97706429722699,-12.1805439318079,88.9668632680147,-11.0331367319853
"376","ES",63,2020-05-15,1.722888,1.94225788644943,-12.7326841007325,88.9626944919667,-11.0373055080333
"377","ES",64,2020-05-16,1.57374,1.74627464351136,-10.9633512213811,88.9790492182284,-11.0209507817716
"378","ES",65,2020-05-17,1.480365,1.62170367442771,-9.54755580061095,89.0089178714385,-10.9910821285615
"379","ES",66,2020-05-18,1.700766,1.90944389074734,-12.2696414878556,89.0098547625445,-10.9901452374555
"380","ES",67,2020-05-19,1.669356,1.96889829975081,-17.9435842175549,88.9454188890768,-11.0545811109232
"381","ES",68,2020-05-20,1.800024,1.98920502238807,-10.5099166671151,88.9688593249461,-11.0311406750539
"382","ES",69,2020-05-21,1.817202,2.008561192393,-10.5304304305742,88.9915631660069,-11.0084368339931
"383","ES",70,2020-05-22,1.829976,1.98299550786429,-8.36183140458053,89.0399040268688,-10.9600959731312
"384","ES",71,2020-05-23,1.665078,1.78070367518211,-6.94415968393759,89.0980412812982,-10.9019587187018
"385","ES",72,2020-05-24,1.560522,1.64508915307959,-5.41915801761134,89.1664934949752,-10.8335065050248
"386","ES",73,2020-05-25,1.800615,1.93410334953998,-7.41348647767452,89.2206568725728,-10.7793431274272
"387","ES",74,2020-05-26,1.851198,1.99528755513162,-7.7835842050188,89.2705122133913,-10.7294877866087
"388","ES",75,2020-05-27,1.865259,2.02190718621387,-8.39820026140422,89.3122621175925,-10.6877378824075
"389","ES",76,2020-05-28,1.853268,2.02569165214862,-9.30376244281043,89.3423614710992,-10.6576385289008
"390","ES",77,2020-05-29,1.850172,2.00151959543859,-8.18019056815226,89.3841071128998,-10.6158928871002
"391","ES",78,2020-05-30,1.679676,1.80565720190762,-7.50032755767323,89.427839185573,-10.572160814427
"392","ES",79,2020-05-31,1.552872,1.65241127244117,-6.41001141376547,89.4773173829653,-10.5226826170347
"393","ES",80,2020-06-01,1.792395,1.94676816104262,-8.61267527763813,89.5101291142843,-10.4898708857157
"394","ES",81,2020-06-02,1.873218,1.98814862506751,-6.13546448237773,89.5702086578834,-10.4297913421166
"395","ES",82,2020-06-03,1.902864,1.99827747578719,-5.01420363132553,89.6418059253161,-10.3581940746839
"396","ES",83,2020-06-04,1.862475,1.9732535830182,-5.94792322142334,89.70038687082,-10.29961312918
"397","ES",84,2020-06-05,1.829913,1.97303373950594,-7.8211772639429,89.7375330594044,-10.2624669405956
"398","ES",85,2020-06-06,1.6626,1.79394742422312,-7.90012175045822,89.7697855711005,-10.2302144288995
"399","ES",86,2020-06-07,1.533432,1.66375593928176,-8.49884046255432,89.7939220185913,-10.2060779814087
"400","ES",87,2020-06-08,1.775985,1.95550547840185,-10.1082204186325,89.8059202685327,-10.1940797314673
"401","ES",88,2020-06-09,1.833078,2.01354785063141,-9.84518119967649,89.8205728853412,-10.1794271146588
"402","ES",89,2020-06-10,1.867104,2.03146376881255,-8.80292521533618,89.8453525593801,-10.1546474406199
"403","ES",90,2020-06-11,1.86417,2.02988980847954,-8.8897369059441,89.8686742044335,-10.1313257955665
"404","ES",91,2020-06-12,1.847232,2.01560348081734,-9.11479883508612,89.8891190164008,-10.1108809835992
"405","ES",92,2020-06-13,1.661463,1.83183120568604,-10.2541077162742,89.8975012808141,-10.1024987191859
"406","ES",93,2020-06-14,1.541151,1.70906478141656,-10.8953490875687,89.900154460241,-10.099845539759
"407","ES",94,2020-06-15,1.832505,2.01325828805297,-9.86372686857443,89.9126424563849,-10.0873575436151
"408","ES",95,2020-06-16,1.877337,2.04223331257492,-8.7835222218986,89.935122578179,-10.064877421821
"409","ES",96,2020-06-17,1.880337,2.05950699058105,-9.52861059379532,89.9503260673598,-10.0496739326402
"410","ES",97,2020-06-18,1.877511,2.04991696921045,-9.18268756936457,89.9682973876624,-10.0317026123376
"411","ES",98,2020-06-19,1.883997,2.04321721824582,-8.45119276972426,89.9924994960383,-10.0075005039617
"412","ES",99,2020-06-20,1.745766,1.85914550908711,-6.49454217157998,90.0305710527297,-9.96942894727033
"413","ES",100,2020-06-21,1.647027,1.74315135155487,-5.8362341087832,90.0708850946852,-9.92911490531483
"414","ES",101,2020-06-22,1.970634,2.08431063967899,-5.76853132945983,90.1187890395263,-9.88121096047368
"415","ES",102,2020-06-23,2.040375,2.17719007323064,-6.70538862859234,90.1585656364671,-9.84143436353291
"416","ES",103,2020-06-24,1.920117,2.15632349205025,-12.3016718278236,90.1465117250535,-9.85348827494651
"417","ES",104,2020-06-25,2.05296,2.13731240422299,-4.10881869218078,90.2092628578261,-9.79073714217387
"418","ES",105,2020-06-26,2.012781,2.14044551067047,-6.34269255673975,90.2495430518023,-9.75045694819768
"419","ES",106,2020-06-27,1.828767,1.92747532951702,-5.3975344872813,90.2930153902404,-9.70698460975956
"420","ES",107,2020-06-28,1.742802,1.79790058609443,-3.16149431171341,90.3506929766701,-9.64930702332985
"421","ES",108,2020-06-29,2.08431,2.12632155332756,-2.01560964192278,90.4286947146248,-9.57130528537519
"422","FL",0,2020-04-02,0.538179,0.567186516809733,-5.38993844236447,100,0
"423","FL",1,2020-04-03,0.553877,0.583704128137001,-5.38515376825564,94.8879031031261,-5.11209689687389
"424","FL",2,2020-04-04,0.580402,0.586063371487349,-0.975422463628489,96.2868322463429,-3.71316775365713
"425","FL",3,2020-04-05,0.530678,0.525577512275955,0.961126657605078,97.3748198442166,-2.62518015578335
"426","FL",4,2020-04-06,0.570816,0.596599977840457,-4.5170383872311,97.0207908815897,-2.97920911841032
"427","FL",5,2020-04-07,0.597081,0.625649003827546,-4.78461110427993,96.7358773374883,-3.2641226625117
"428","FL",6,2020-04-08,0.674468,0.654156819917852,3.01143717450605,97.7425043473849,-2.25749565261508
"429","FL",7,2020-04-09,0.7073,0.677380663852093,4.23007721587824,98.6812126145914,-1.31878738540856
"430","FL",8,2020-04-10,0.664489,0.604535879326698,9.02243990093167,99.9342562342047,-0.0657437657953324
"431","FL",9,2020-04-11,0.584979,0.576744395870218,1.40767516949874,100.077876684055,0.0778766840548712
"432","FL",10,2020-04-12,0.675846,0.629748604835541,6.82069512351314,100.766039967175,0.766039967175189
"433","FL",11,2020-04-13,0.754839,0.670234373139001,11.2083009570252,101.855035909744,1.85503590974449
"434","FL",12,2020-04-14,0.727619,0.67456089576015,7.29201742118467,102.363616372345,2.36361637234451
"435","FL",13,2020-04-15,0.712162,0.662108740051863,7.02835309215271,102.762070735453,2.76207073545272
"436","FL",14,2020-04-16,0.586981,0.573206522311926,2.34666500075375,102.739720461889,2.73972046188868
"437","FL",15,2020-04-17,0.611256,0.611074452267529,0.0297007689856858,102.571057933583,2.57105793358338
"438","FL",16,2020-04-18,0.617272,0.592479237012556,4.01650536350974,102.662881662061,2.66288166206105
"439","FL",17,2020-04-19,0.674826,0.650829990014411,3.55588106942957,102.723135443319,2.72313544331899
"440","FL",18,2020-04-20,0.703172,0.631057338947144,10.2556218183966,103.19290874501,3.19290874501
"441","FL",19,2020-04-21,0.66497,0.641863657970821,3.47479465677842,103.214086463279,3.21408646327887
"442","FL",20,2020-04-22,0.628019,0.636640516295685,-1.37281137922339,102.989872522419,2.98987252241879
"443","FL",21,2020-04-23,0.688904,0.677265875898371,1.68936805442105,102.926780197757,2.92678019775668
"444","FL",22,2020-04-24,0.652692,0.608645433429489,6.74844590871513,103.110775954047,3.11077595404674
"445","FL",23,2020-04-25,0.641758,0.630041912982126,1.82562383606818,103.057824272051,3.05782427205052
"446","FL",24,2020-04-26,0.629338,0.610945899783192,2.9224518806758,103.055955991247,3.05595599124732
"447","FL",25,2020-04-27,0.558671,0.603323108003726,-7.99255876960252,102.664135927477,2.66413592747683
"448","FL",26,2020-04-28,0.573133,0.631187499082209,-10.1293240979335,102.21669056951,2.21669056951025
"449","FL",27,2020-04-29,0.632608,0.654264461733095,-3.42336197662618,102.008723003742,2.00872300374242
"450","FL",28,2020-04-30,0.599665,0.622151322502164,-3.74981406321268,101.814469152222,1.81446915222239
"451","FL",29,2020-05-01,0.545304,0.616642057431906,-13.082254564776,101.371392739707,1.37139273970725
"452","FL",30,2020-05-02,0.565688,0.624195867731049,-10.342780425084,101.022988508702,1.02298850870153
"453","FL",31,2020-05-03,0.611832,0.630598980723582,-3.06734213372003,100.896141968053,0.89614196805266
"454","FL",32,2020-05-04,0.661163,0.672190010038393,-1.66782019538198,100.813181295189,0.813181295188656
"455","FL",33,2020-05-05,0.685832,0.691873973239542,-0.880969864273131,100.758258669553,0.7582586695533
"456","FL",34,2020-05-06,0.682501,0.684739399176555,-0.327970094777133,100.724375061892,0.724375061892474
"457","FL",35,2020-05-07,0.587196,0.608449218973505,-3.61944205571985,100.610519497176,0.610519497176256
"458","FL",36,2020-05-08,0.573404,0.639082577872951,-11.4541541169841,100.310306781882,0.310306781881593
"459","FL",37,2020-05-09,0.607358,0.629976291235278,-3.72404598857312,100.207088507172,0.207088507171932
"460","FL",38,2020-05-10,0.552581,0.596281317664162,-7.9084003366316,100.022952650797,0.0229526507969666
"461","FL",39,2020-05-11,0.61405,0.670094841543785,-9.12708110801804,99.7988157080276,-0.201184291972439
"462","FL",40,2020-05-12,0.620666,0.667626028566465,-7.56607073151496,99.6216007293633,-0.378399270636692
"463","FL",41,2020-05-13,0.630515,0.676791667146047,-7.33950296916752,99.4561223720049,-0.543877627995101
"464","FL",42,2020-05-14,0.629465,0.670515644829274,-6.52151348037997,99.3180410616479,-0.681958938352082
"465","FL",43,2020-05-15,0.63784,0.672163595406818,-5.38122341132857,99.2109112559914,-0.789088744008623
"466","FL",44,2020-05-16,0.66711,0.682545559550851,-2.31379525878061,99.1755785868496,-0.824421413150404
"467","FL",45,2020-05-17,0.694632,0.692869281487227,0.253762929547346,99.2012338450075,-0.798766154992535
"468","FL",46,2020-05-18,0.648052,0.6854026527131,-5.76352711095715,99.0943440598892,-0.905655940110762
"469","FL",47,2020-05-19,0.68553,0.724596538110474,-5.69873500947792,98.9879329695658,-1.01206703043422
"470","FL",48,2020-05-20,0.712163,0.721118337931403,-1.25748430224582,98.9826330113374,-1.01736698866264
"471","FL",49,2020-05-21,0.744807,0.741607466106732,0.429578923569222,99.0162002619847,-0.983799738015321
"472","FL",50,2020-05-22,0.7454,0.749849865238226,-0.596976822944235,99.0251358396113,-0.974864160388719
"473","FL",51,2020-05-23,0.724941,0.712216944046211,1.75518503627046,99.0838953797633,-0.916104620236709
"474","FL",52,2020-05-24,0.65083,0.670387671954012,-3.00503540924854,99.0445989260374,-0.955401073962634
"475","FL",53,2020-05-25,0.60794,0.653689569261398,-7.52534283998393,98.9310638931247,-1.06893610687528
"476","FL",54,2020-05-26,0.678719,0.702996491045624,-3.5769576283593,98.8838414151199,-1.11615858488014
"477","FL",55,2020-05-27,0.725592,0.722091562160616,0.48242508729199,98.9157579854264,-1.08424201457363
"478","FL",56,2020-05-28,0.74607,0.745349446994986,0.0965798122178366,98.9395694399222,-1.06043056007779
"479","FL",57,2020-05-29,0.742353,0.720696787063677,2.91723922935889,99.0173139729686,-0.982686027031448
"480","FL",58,2020-05-30,0.750308,0.719159205019274,4.15146779465581,99.116821446401,-0.883178553599009
"481","FL",59,2020-05-31,0.76171,0.738547568127605,3.04084649963832,99.192657968637,-0.807342031363035
"482","FL",60,2020-06-01,0.785235,0.749386333529849,4.56534240961639,99.2976859645825,-0.70231403541753
"483","FL",61,2020-06-02,0.74606,0.720411868635892,3.43781081469428,99.3732957526024,-0.626704247397612
"484","FL",62,2020-06-03,0.669964,0.692605953203434,-3.37957758975618,99.3289889407084,-0.671011059291573
"485","FL",63,2020-06-04,0.637757,0.687148601495177,-7.74458006657356,99.222350637541,-0.777649362458959
"486","FL",64,2020-06-05,0.679635,0.725274316440185,-6.71526870160963,99.1287159886748,-0.871284011325201
"487","FL",65,2020-06-06,0.654897,0.658036264046603,-0.479352332749005,99.1346964260696,-0.865303573930376
"488","FL",66,2020-06-07,0.699412,0.694523763091484,0.698906639937043,99.1594246721737,-0.840575327826315
"489","FL",67,2020-06-08,0.775078,0.750765457934453,3.13678649962281,99.227747098069,-0.772252901931012
"490","FL",68,2020-06-09,0.797024,0.756928173398702,5.030692501267,99.3285425825393,-0.671457417460729
"491","FL",69,2020-06-10,0.807218,0.771819005565365,4.38530786412532,99.4160960133047,-0.583903986695304
"492","FL",70,2020-06-11,0.777198,0.7623055959801,1.91616602460375,99.4571539530863,-0.542846046913695
"493","FL",71,2020-06-12,0.762935,0.750546509186727,1.62379374563664,99.4915493955188,-0.508450604481226
"494","FL",72,2020-06-13,0.721976,0.709235379145708,1.7646875871624,99.5252036477083,-0.474796352291676
"495","FL",73,2020-06-14,0.713613,0.720862201620401,-1.0158449496297,99.5174407984778,-0.482559201522221
"496","FL",74,2020-06-15,0.735154,0.755318360254983,-2.7428756770667,99.4844339710467,-0.51556602895333
"497","FL",75,2020-06-16,0.717845,0.728940935558652,-1.54572861253506,99.469983205958,-0.530016794042041
"498","FL",76,2020-06-17,0.724409,0.730716153877073,-0.870661998549581,99.4652573057689,-0.534742694231099
"499","FL",77,2020-06-18,0.732265,0.754795277315325,-3.07679287079469,99.4298709027243,-0.570129097275739
"500","FL",78,2020-06-19,0.727197,0.747505739688785,-2.79274250152088,99.3995996709995,-0.60040032900055
"501","FL",79,2020-06-20,0.748131,0.749856704063298,-0.230668701510561,99.4047641227899,-0.595235877210101
"502","FL",80,2020-06-21,0.775899,0.748030910244641,3.59171615833487,99.4640587023625,-0.535941297637493
"503","FL",81,2020-06-22,0.827834,0.780423294857946,5.72707875516753,99.5573743805335,-0.442625619466497
"504","FL",82,2020-06-23,0.836057,0.791495667246394,5.32993955598795,99.6430809797215,-0.356919020278468
"505","FL",83,2020-06-24,0.865279,0.804782400238904,6.99157147707221,99.7544788857388,-0.245521114261237
"506","FL",84,2020-06-25,0.875364,0.807159645699091,7.79154206717537,99.8761344972135,-0.123865502786501
"507","FL",85,2020-06-26,0.873268,0.799739861445108,8.41988239061681,100.003533970121,0.00353397012119672
"508","FL",86,2020-06-27,0.851195,0.780942873905155,8.25335276814892,100.122010125676,0.122010125676326
"509","FL",87,2020-06-28,0.846417,0.784419262173004,7.32472738933599,100.223647081967,0.22364708196703
"510","FL",88,2020-06-29,0.876069,0.817207538085778,6.71881574558878,100.317337475875,0.317337475874552
"511","FR",0,2020-03-16,4.025931,4.15729824629888,-3.2630277642335,100,0
"512","FR",1,2020-03-17,3.423909,4.20680558363119,-22.8655780171492,89.0691955944105,-10.9308044055895
"513","FR",2,2020-03-18,3.589782,4.24974958068486,-18.3846144608462,87.5198215852884,-12.4801784147116
"514","FR",3,2020-03-19,3.405906,4.22236135740417,-23.9717525205972,85.8003310069418,-14.1996689930582
"515","FR",4,2020-03-20,3.32583,4.21219894177858,-26.6510597889422,84.430866121411,-15.569133878589
"516","FR",5,2020-03-21,3.260979,3.97104844857302,-21.7747323295556,84.0639053983951,-15.9360946016049
"517","FR",6,2020-03-22,3.304836,3.72781040892222,-12.7986504904396,84.6590678925468,-15.3409321074532
"518","FR",7,2020-03-23,3.561882,4.09997766567058,-15.1070604155494,84.9357398324996,-15.0642601675004
"519","FR",8,2020-03-24,3.653574,4.28838848225314,-17.3751642160016,84.9658982358395,-15.0341017641605
"520","FR",9,2020-03-25,3.71754,4.37817515557318,-17.7707611908192,84.9600788541787,-15.0399211458213
"521","FR",10,2020-03-26,3.785685,4.43816263785903,-17.2353916889289,84.9927619384317,-15.0072380615683
"522","FR",11,2020-03-27,3.708225,4.2305172142505,-14.084695892253,85.2171261877443,-14.7828738122557
"523","FR",12,2020-03-28,3.372978,3.72420091930326,-10.4128434666119,85.5868780421942,-14.4131219578058
"524","FR",13,2020-03-29,3.298791,3.66242024028743,-11.0231063528254,85.872169653656,-14.127830346344
"525","FR",14,2020-03-30,3.973086,4.16128723208547,-4.73690305433788,86.5196599576164,-13.4803400423836
"526","FR",15,2020-03-31,3.889863,4.14786037821786,-6.63255693626907,86.9767884456092,-13.0232115543908
"527","FR",16,2020-04-01,3.767556,4.1366673558282,-9.7971033696169,87.2190447552127,-12.7809552447873
"528","FR",17,2020-04-02,3.753372,4.14612540449491,-10.4640148776861,87.4039949657756,-12.5960050342244
"529","FR",18,2020-04-03,3.645552,4.06747707451955,-11.573695136417,87.5195724154128,-12.4804275845872
"530","FR",19,2020-04-04,3.307545,3.58716062932261,-8.45387226243673,87.7250065433755,-12.2749934566245
"531","FR",20,2020-04-05,3.006339,3.3100214840219,-10.1014051982129,87.8455605231319,-12.1544394768681
"532","FR",21,2020-04-06,3.189507,3.74014402681909,-17.2640168784421,87.7374836009172,-12.2625163990828
"533","FR",22,2020-04-07,3.212181,3.81878810055696,-18.8845865334787,87.588238188002,-12.411761811998
"534","FR",23,2020-04-08,3.112524,3.85787651761139,-23.946884188247,87.3121711610328,-12.6878288389672
"535","FR",24,2020-04-09,3.026907,3.82032838178489,-26.2122814405892,87.0045825950416,-12.9954174049584
"536","FR",25,2020-04-10,2.93589,3.50294363992466,-19.3145397111154,86.8969133740627,-13.1030866259373
"537","FR",26,2020-04-11,2.753358,3.42722290089717,-24.474292877903,86.6874002859783,-13.3125997140217
"538","FR",27,2020-04-12,2.657388,3.00344832686469,-13.0225743047193,86.7361568130866,-13.2638431869134
"539","FR",28,2020-04-13,2.711532,3.33477148921835,-22.9847735235414,86.5769394783906,-13.4230605216094
"540","FR",29,2020-04-14,3.050988,3.71630831842046,-21.8067169854639,86.4350720008497,-13.5649279991503
"541","FR",30,2020-04-15,3.153723,3.67225112721198,-16.4417777722387,86.4182235956155,-13.5817764043845
"542","FR",31,2020-04-16,3.087906,3.616142049336,-17.1066104128818,86.3884571238155,-13.6115428761845
"543","FR",32,2020-04-17,2.98902,3.56969145852447,-19.4268174359647,86.3145279410451,-13.6854720589549
"544","FR",33,2020-04-18,2.762805,3.25315375750719,-17.7482217350551,86.280190708164,-13.719809291836
"545","FR",34,2020-04-19,2.685906,3.10566327340672,-15.628144596524,86.284897601444,-13.715102398556
"546","FR",35,2020-04-20,2.98377,3.43532291423467,-15.1336367828174,86.2991042490862,-13.7008957509138
"547","FR",36,2020-04-21,3.056583,3.54926466497956,-16.1187072289403,86.2945824144519,-13.7054175855481
"548","FR",37,2020-04-22,3.071499,3.55610210653432,-15.7774137818153,86.2964951909274,-13.7035048090726
"549","FR",38,2020-04-23,3.05994,3.54064801023603,-15.7097201329448,86.2995123367575,-13.7004876632425
"550","FR",39,2020-04-24,2.988714,3.52841709736584,-18.0580375829149,86.2625200297365,-13.7374799702635
"551","FR",40,2020-04-25,2.735082,3.26000278183059,-19.1921405585132,86.212930846676,-13.787069153324
"552","FR",41,2020-04-26,2.678649,3.08303442594437,-15.0966187038454,86.2259733790883,-13.7740266209117
"553","FR",42,2020-04-27,2.986881,3.46638920305599,-16.053810080013,86.2247097751951,-13.7752902248049
"554","FR",43,2020-04-28,3.070302,3.64905462491313,-18.8500227310906,86.178773938017,-13.821226061983
"555","FR",44,2020-04-29,3.106245,3.69959246455029,-19.1017599883553,86.1303375568731,-13.8696624431269
"556","FR",45,2020-04-30,3.126792,3.73466009361514,-19.4406309602665,86.0784019606189,-13.9215980393811
"557","FR",46,2020-05-01,2.830611,3.41974748634161,-20.8130501273967,86.0143444436594,-13.9856555563406
"558","FR",47,2020-05-02,2.864673,3.34629125490391,-16.8123291874469,86.0067721471515,-13.9932278528485
"559","FR",48,2020-05-03,2.764908,3.07807813908367,-11.3266025156594,86.0710396402471,-13.9289603597529
"560","FR",49,2020-05-04,3.031611,3.39297464056392,-11.9198551715218,86.1307498104993,-13.8692501895007
"561","FR",50,2020-05-05,3.064083,3.50439229565461,-14.3700185554572,86.1548391735783,-13.8451608264217
"562","FR",51,2020-05-06,3.047487,3.49842716751569,-14.7971153778732,86.1721291458217,-13.8278708541783
"563","FR",52,2020-05-07,3.029022,3.43992065032556,-13.5653900937518,86.2050491959967,-13.7949508040033
"564","FR",53,2020-05-08,2.748408,3.16986536893212,-15.3345998458789,86.2129644949951,-13.7870355050049
"565","FR",54,2020-05-09,2.68776,3.09802063139234,-15.2640351591044,86.2212715667713,-13.7787284332287
"566","FR",55,2020-05-10,2.629674,2.93038864240038,-11.4354342933907,86.2713119316359,-13.7286880683641
"567","FR",56,2020-05-11,3.124575,3.31742292586044,-6.17197301586416,86.3967958396259,-13.6032041603741
"568","FR",57,2020-05-12,3.285708,3.46282078166164,-5.39039931916179,86.5349748987555,-13.4650251012445
"569","FR",58,2020-05-13,3.342036,3.4624513950771,-3.60305499632861,86.6949305735157,-13.3050694264843
"570","FR",59,2020-05-14,3.331002,3.44903009847771,-3.54332115314575,86.8501266976775,-13.1498733023225
"571","FR",60,2020-05-15,3.259092,3.37434606932541,-3.53638588065057,86.9974144978496,-13.0025855021504
"572","FR",61,2020-05-16,2.918502,3.0783611989326,-5.47744010223731,87.1037473327083,-12.8962526672917
"573","FR",62,2020-05-17,2.736381,2.91141414521021,-6.39651953475099,87.1912710885966,-12.8087289114034
"574","FR",63,2020-05-18,3.0801,3.23638104240088,-5.07389508135719,87.3024755613822,-12.6975244386178
"575","FR",64,2020-05-19,3.087321,3.33737309948528,-8.09932298861325,87.3762151044196,-12.6237848955804
"576","FR",65,2020-05-20,3.071367,3.36849270907677,-9.67405422656326,87.4298285150903,-12.5701714849097
"577","FR",66,2020-05-21,2.756787,3.14343353650908,-14.0252597139017,87.4333348845526,-12.5666651154474
"578","FR",67,2020-05-22,2.853939,3.33426847121494,-16.8304042663468,87.4083479604998,-12.5916520395002
"579","FR",68,2020-05-23,2.707497,3.09167114139802,-14.1892730222054,87.4104075473396,-12.5895924526604
"580","FR",69,2020-05-24,2.596602,2.90384594215014,-11.8325389162505,87.4336114584029,-12.5663885415971
"581","FR",70,2020-05-25,3.011994,3.21541873306449,-6.75382265251831,87.5124065259651,-12.4875934740349
"582","FR",71,2020-05-26,3.095682,3.29684677631565,-6.49823774908559,87.5940306769151,-12.4059693230849
"583","FR",72,2020-05-27,3.085659,3.30788175121167,-7.201792265823,87.6660543192612,-12.3339456807388
"584","FR",73,2020-05-28,3.071166,3.28761165119461,-7.04767020716602,87.7375209924655,-12.2624790075345
"585","FR",74,2020-05-29,3.026583,3.26448700790148,-7.86048186689348,87.7981669742474,-12.2018330257526
"586","FR",75,2020-05-30,2.726577,2.99776280041014,-9.94601657720072,87.8331008644529,-12.1668991355471
"587","FR",76,2020-05-31,2.560347,2.84221562493601,-11.0090009258907,87.8564686294396,-12.1435313705604
"588","FR",77,2020-06-01,2.682153,3.16497052395219,-18.001117906107,87.8208903670332,-12.1791096329668
"589","FR",78,2020-06-02,3.106017,3.26810765498952,-5.21860166861684,87.9051345871437,-12.0948654128563
"590","FR",79,2020-06-03,3.154407,3.28159958757973,-4.03221865725403,88.0003238881518,-11.9996761118482
"591","FR",80,2020-06-04,3.137013,3.33350435703163,-6.26364497155824,88.071316168071,-11.928683831929
"592","FR",81,2020-06-05,3.081081,3.32393312110021,-7.88204273435869,88.1242985762345,-11.8757014237655
"593","FR",82,2020-06-06,2.758188,3.04296521905412,-10.3247936345933,88.1504367444624,-11.8495632555376
"594","FR",83,2020-06-07,2.639733,2.89164754890779,-9.54318292447705,88.1810965049783,-11.8189034950217
"595","FR",84,2020-06-08,3.072903,3.22133405321918,-4.83032016367529,88.25874656438,-11.74125343562
"596","FR",85,2020-06-09,3.177651,3.33164419996422,-4.84613319600611,88.33715739891,-11.66284260109
"597","FR",86,2020-06-10,3.219015,3.35124232061558,-4.1076950749091,88.4217189983026,-11.5782810016974
"598","FR",87,2020-06-11,3.212115,3.10620561311278,3.29718540236626,88.5724103821508,-11.4275896178492
"599","FR",88,2020-06-12,3.159639,3.31375900067116,-4.87777245030711,88.6443258192118,-11.3556741807882
"600","FR",89,2020-06-13,2.813223,3.02455601136172,-7.51213150758811,88.6862327013697,-11.3137672986303
"601","FR",90,2020-06-14,2.665635,2.87207660098992,-7.7445562123066,88.7234780827731,-11.2765219172269
"602","FR",91,2020-06-15,3.090372,3.2077347020628,-3.79768850037464,88.7995159436407,-11.2004840563593
"603","FR",92,2020-06-16,3.17487,3.31036293799975,-4.26766884942549,88.8719835799776,-11.1280164200224
"604","FR",93,2020-06-17,3.162822,3.34119428247067,-5.6396560562267,88.9309553099077,-11.0690446900923
"605","FR",94,2020-06-18,3.162456,3.32973528607859,-5.28953718497882,88.9917048332804,-11.0082951667196
"606","FR",95,2020-06-19,3.100305,3.32257227721702,-7.16920681084658,89.0345805800607,-10.9654194199393
"607","FR",96,2020-06-20,2.817201,3.04157981550099,-7.96460087515923,89.066899253787,-10.933100746213
"608","FR",97,2020-06-21,2.547108,2.89885357536115,-13.8096058495028,89.0566790072493,-10.9433209927507
"609","FR",98,2020-06-22,3.152514,3.25476673025458,-3.24352977511209,89.1305243747759,-10.8694756252241
"610","FR",99,2020-06-23,3.224193,3.3812186012819,-4.87022958246903,89.1911431452932,-10.8088568547068
"611","FR",100,2020-06-24,3.287991,3.45054110207463,-4.94375142981337,89.2511423285322,-10.7488576714678
"612","FR",101,2020-06-25,3.340731,3.44094554400786,-2.99977891089893,89.327284849136,-10.672715150864
"613","FR",102,2020-06-26,3.252213,3.4023678587228,-4.6170056734537,89.3868505938886,-10.6131494061114
"614","FR",103,2020-06-27,2.839077,3.11208772863516,-9.6161790833838,89.4027329668414,-10.5972670331586
"615","FR",104,2020-06-28,2.695902,2.96126121002694,-9.84305846529047,89.4160586092808,-10.5839413907192
"616","FR",105,2020-06-29,3.147714,3.33121513502256,-5.82966352796225,89.4621346822109,-10.5378653177891
"617","GB",0,2020-03-22,3.180264,3.21382563091667,-1.05530958803008,100,0
"618","GB",1,2020-03-23,3.515532,3.5170061267432,-0.0419318254876776,99.4794735788783,-0.520526421121744
"619","GB",2,2020-03-24,3.31178,3.48593998238813,-5.25880289113801,97.9524281703584,-2.04757182964156
"620","GB",3,2020-03-25,3.149912,3.47055187536535,-10.1793280372705,96.1290049808079,-3.87099501919205
"621","GB",4,2020-03-26,3.109076,3.47803377918562,-11.8671199798789,94.7639109752426,-5.23608902475736
"622","GB",5,2020-03-27,3.109252,3.44204309068695,-10.7032524442196,94.0235815470016,-5.97641845299843
"623","GB",6,2020-03-28,2.771992,3.1566179597743,-13.8754354187998,93.1989177301949,-6.80108226980514
"624","GB",7,2020-03-29,2.778574,3.13145171231254,-12.699957327483,92.6787368064173,-7.32126319358269
"625","GB",8,2020-03-30,3.34737,3.40025749037972,-1.57997145160877,93.325871980162,-6.67412801983802
"626","GB",9,2020-03-31,3.315158,3.43405228668768,-3.58638371648301,93.6528790327084,-6.34712096729157
"627","GB",10,2020-04-01,3.312316,3.45487954279913,-4.30404414310497,93.859205625812,-6.140794374188
"628","GB",11,2020-04-02,3.083028,3.35865637681875,-8.94018402748056,93.6880795264261,-6.31192047357392
"629","GB",12,2020-04-03,3.098188,3.33927540900889,-7.78156164212406,93.6189974601076,-6.38100253989245
"630","GB",13,2020-04-04,2.892808,2.9815842851021,-3.06886198814774,93.8355353222855,-6.16446467771453
"631","GB",14,2020-04-05,2.38756,2.8669151509346,-20.0771980990885,93.2270122135803,-6.77298778641975
"632","GB",15,2020-04-06,2.67753,3.25313730793794,-21.497697801255,92.5564867973212,-7.44351320267877
"633","GB",16,2020-04-07,2.850144,3.28121501852066,-15.1245347084449,92.2244297915248,-7.77557020847523
"634","GB",17,2020-04-08,2.7958,3.27421061402565,-17.1117609995582,91.8485087787597,-8.15149122124028
"635","GB",18,2020-04-09,2.79048,3.27077697235822,-17.2119840442583,91.5083107057514,-8.49168929424863
"636","GB",19,2020-04-10,2.649642,2.98638405191362,-12.7089641511427,91.3819404589288,-8.6180595410712
"637","GB",20,2020-04-11,2.529418,2.92624654719712,-15.6885317965286,91.1714683482687,-8.8285316517313
"638","GB",21,2020-04-12,2.538914,2.86356175925844,-12.7868749890088,91.0711181711061,-8.92888182889389
"639","GB",22,2020-04-13,2.464538,3.37275751286921,-36.8515118399153,90.2612529130732,-9.73874708692675
"640","GB",23,2020-04-14,2.911614,3.33399876872839,-14.5068944141767,90.1364721695492,-9.86352783045085
"641","GB",24,2020-04-15,2.839282,3.24750899940231,-14.3778250769845,90.0286636242474,-9.9713363757526
"642","GB",25,2020-04-16,2.830158,3.21643824431021,-13.6487165843819,89.9513153048015,-10.0486846951985
"643","GB",26,2020-04-17,2.69794,3.23525409966272,-19.9157171643074,89.7101431347577,-10.2898568652423
"644","GB",27,2020-04-18,2.732118,2.97358348885706,-8.83803294210073,89.7810618071722,-10.2189381928278
"645","GB",28,2020-04-19,2.5616,2.81794919895653,-10.0073859680093,89.814772514544,-10.185227485456
"646","GB",29,2020-04-20,2.442132,3.1514441631894,-29.0447921402037,89.4141657441062,-10.5858342558938
"647","GB",30,2020-04-21,2.431338,3.19848373900165,-31.5524101956063,88.9861798697558,-11.0138201302442
"648","GB",31,2020-04-22,2.593252,3.18462777847883,-22.8044084600661,88.753282363862,-11.246717636138
"649","GB",32,2020-04-23,2.751158,3.17252842207361,-15.3161113274341,88.6926528375708,-11.3073471624292
"650","GB",33,2020-04-24,2.723758,3.14699386744425,-15.5386736796826,88.6311830660418,-11.3688169339582
"651","GB",34,2020-04-25,2.603918,2.88682328804946,-10.8646005000716,88.6714339977661,-11.3285660022339
"652","GB",35,2020-04-26,2.586548,2.80512621338985,-8.45057634305832,88.7574499867268,-11.2425500132732
"653","GB",36,2020-04-27,2.810434,3.21732449359981,-14.4778526590487,88.7193376759972,-11.2806623240028
"654","GB",37,2020-04-28,2.937012,3.36516702515359,-14.5779120123985,88.6795207222475,-11.3204792777525
"655","GB",38,2020-04-29,2.999724,3.32809821351178,-10.9468142239679,88.7181522879562,-11.2818477120438
"656","GB",39,2020-04-30,2.921594,3.32290910441401,-13.7361695161615,88.6975947183911,-11.3024052816089
"657","GB",40,2020-05-01,2.860884,3.26599491690906,-14.1603405419115,88.6703057593817,-11.3296942406183
"658","GB",41,2020-05-02,2.629698,2.93608385154135,-11.6509900201983,88.689794002984,-11.310205997016
"659","GB",42,2020-05-03,2.687084,2.88086339799875,-7.21151247965259,88.785729684874,-11.214270315126
"660","GB",43,2020-05-04,2.828562,2.97028132445354,-5.01029584833362,88.9218271970751,-11.0781728029249
"661","GB",44,2020-05-05,2.86464,3.26430698563087,-13.9517351440623,88.8953877283617,-11.1046122716383
"662","GB",45,2020-05-06,2.93032,3.22203786558532,-9.95515389395435,88.940306494962,-11.059693505038
"663","GB",46,2020-05-07,2.79652,3.16791466706683,-13.280601142378,88.9263097842008,-11.0736902157992
"664","GB",47,2020-05-08,2.60443,3.11269387699203,-19.515359483343,88.8196663302535,-11.1803336697465
"665","GB",48,2020-05-09,2.514006,2.80206111956314,-11.4580124137787,88.8358167425842,-11.1641832574158
"666","GB",49,2020-05-10,2.320798,2.77765308697392,-19.6852585608021,88.7434982054598,-11.2565017945402
"667","GB",50,2020-05-11,2.61824,3.18142235413937,-21.5099591381757,88.6170277320277,-11.3829722679723
"668","GB",51,2020-05-12,2.93134,3.17509295758388,-8.31541061711983,88.6882030045432,-11.3117969954568
"669","GB",52,2020-05-13,2.90541,3.2151697714778,-10.6614822513104,88.7202044505825,-11.2797955494175
"670","GB",53,2020-05-14,2.92639,3.15314509165551,-7.74862857156797,88.7952900460269,-11.2047099539731
"671","GB",54,2020-05-15,2.858568,3.07530028076998,-7.58184800116646,88.8684438098416,-11.1315561901584
"672","GB",55,2020-05-16,2.622584,2.76121907951142,-5.28620168167824,88.9634905287293,-11.0365094712707
"673","GB",56,2020-05-17,2.546438,2.68104682427902,-5.28616146472121,89.0529910046891,-10.9470089953109
"674","GB",57,2020-05-18,2.631554,3.03575565021534,-15.3598083191657,89.0137656466516,-10.9862343533484
"675","GB",58,2020-05-19,2.831322,3.06726129347743,-8.33318476236309,89.0679966557976,-10.9320033442024
"676","GB",59,2020-05-20,2.84579,3.08325817585616,-8.34454319736033,89.120582617575,-10.879417382425
"677","GB",60,2020-05-21,2.77117,3.05696095773561,-10.3130070596754,89.1448947960825,-10.8551052039175
"678","GB",61,2020-05-22,2.182996,3.02521162248761,-38.5807222041454,88.882033887127,-11.117966112873
"679","GB",62,2020-05-23,1.96175,2.74335235390626,-39.842097816045,88.6415925422373,-11.3584074577627
"680","GB",63,2020-05-24,2.194788,2.65253613451373,-20.8561434869212,88.5637003396415,-11.4362996603585
"681","GB",64,2020-05-25,2.410178,2.75691973146949,-14.3865611365421,88.548254401076,-11.451745598924
"682","GB",65,2020-05-26,2.758612,3.04149959426089,-10.2547075942861,88.5799075769983,-11.4200924230017
"683","GB",66,2020-05-27,2.775802,3.04218742319781,-9.59670117673424,88.6185489656014,-11.3814510343986
"684","GB",67,2020-05-28,2.845288,3.03054203773793,-6.51090637355275,88.6936004653773,-11.3063995346227
"685","GB",68,2020-05-29,2.766408,2.98993250111058,-8.07995426237134,88.7466892798635,-11.2533107201365
"686","GB",69,2020-05-30,2.442536,2.6950561635788,-10.3384418317191,88.7699295477213,-11.2300704522787
"687","GB",70,2020-05-31,2.429538,2.63265518935984,-8.36032156565749,88.8117879745591,-11.1882120254409
"688","GB",71,2020-06-01,2.782524,2.98775882794042,-7.37585113157778,88.8693839572161,-11.1306160427839
"689","GB",72,2020-06-02,2.673952,3.04081776727942,-13.7199832786611,88.856876003025,-11.143123996975
"690","GB",73,2020-06-03,2.61381,3.08467109633119,-18.0143582100912,88.80164243704,-11.19835756296
"691","GB",74,2020-06-04,2.717734,3.09414368380014,-13.8501296962888,88.788817441877,-11.211182558123
"692","GB",75,2020-06-05,2.647434,3.05966552347219,-15.5709839592672,88.759532977644,-11.240467022356
"693","GB",76,2020-06-06,2.346492,2.76602027459103,-17.8789561008957,88.7141050179657,-11.2858949820343
"694","GB",77,2020-06-07,2.569826,2.69971380128919,-5.05434225076695,88.7863982178478,-11.2136017821522
"695","GB",78,2020-06-08,2.72817,3.05972960095963,-12.1531869700066,88.7911138469118,-11.2088861530882
"696","GB",79,2020-06-09,2.694784,3.08100566621996,-14.3321938314893,88.7746274100044,-11.2253725899956
"697","GB",80,2020-06-10,2.832004,3.11468175627541,-9.98154509228837,88.801298433949,-11.198701566051
"698","GB",81,2020-06-11,2.81361,3.06236456183577,-8.84111734873605,88.8383653120873,-11.1616346879127
"699","GB",82,2020-06-12,2.762664,3.0216530173697,-9.37461151155918,88.868807681263,-11.131192318737
"700","GB",83,2020-06-13,2.59251,2.70241028022629,-4.23914585580344,88.9422816807417,-11.0577183192583
"701","GB",84,2020-06-14,2.604826,2.63284772938717,-1.07576204273041,89.0425272803695,-10.9574727196305
"702","GB",85,2020-06-15,2.78907,2.98666535386975,-7.08463229211695,89.0913749435945,-10.9086250564055
"703","GB",86,2020-06-16,2.516308,3.03490435783561,-20.6094149776424,89.0215282672565,-10.9784717327435
"704","GB",87,2020-06-17,2.56555,3.0373716389801,-18.3906623913041,88.9705700103137,-11.0294299896863
"705","GB",88,2020-06-18,2.693444,3.04792162666063,-13.1607572557898,88.9639017589299,-11.0360982410701
"706","GB",89,2020-06-19,2.737898,2.99910706895927,-9.5404967226415,88.9890394548963,-11.0109605451037
"707","GB",90,2020-06-20,2.581094,2.68752937220275,-4.1236534664273,89.0566507445284,-10.9433492554716
"708","GB",91,2020-06-21,2.291898,2.62437757850469,-14.5067354002967,89.0406425193762,-10.9593574806238
"709","GB",92,2020-06-22,2.769016,2.97990096024377,-7.61588088489805,89.0811138309423,-10.9188861690577
"710","GB",93,2020-06-23,2.531038,3.0445845075901,-20.2899564364542,89.0184256307244,-10.9815743692756
"711","GB",94,2020-06-24,2.410202,3.10472749112802,-28.8160698202067,88.8973430862437,-11.1026569137563
"712","GB",95,2020-06-25,2.505166,3.09542971680088,-23.5618604436144,88.8137845617907,-11.1862154382093
"713","GB",96,2020-06-26,2.601694,3.0256389734274,-16.2949591084656,88.7851094427856,-11.2148905572144
"714","GB",97,2020-06-27,2.494832,2.69575473833707,-8.0535578482667,88.8188172021895,-11.1811827978105
"715","GB",98,2020-06-28,1.982838,2.64380593667385,-33.3344396604184,88.6984250596918,-11.3015749403082
"716","GB",99,2020-06-29,2.427608,3.01247990771122,-24.0925185495854,88.618677976857,-11.381322023143
"717","IT",0,2020-03-09,1.612576,1.60259050221771,0.619226491172314,100,0
"718","IT",1,2020-03-10,1.661128,1.67187310838911,-0.646856135656529,99.9768019835566,-0.023198016443402
"719","IT",2,2020-03-11,1.627802,1.68274560153414,-3.37532461160156,98.8763191191419,-1.1236808808581
"720","IT",3,2020-03-12,1.564154,1.67833996216049,-7.30017390618135,97.4397119237785,-2.56028807622152
"721","IT",4,2020-03-13,1.485096,1.66215881781617,-11.9226513179063,95.818700869599,-4.18129913040102
"722","IT",5,2020-03-14,1.238384,1.39696363939578,-12.8053688836239,94.7854692688081,-5.21453073119187
"723","IT",6,2020-03-15,1.11191,1.22438901527844,-10.1158380874746,94.3400749681391,-5.65992503186091
"724","IT",7,2020-03-16,1.371636,1.58483557651737,-15.5434515073509,93.3523902592881,-6.6476097407119
"725","IT",8,2020-03-17,1.396848,1.66310344019756,-19.0611605699089,92.2533656414649,-7.74663435853512
"726","IT",9,2020-03-18,1.385006,1.67528902645824,-20.9589724851909,91.2402259728794,-8.75977402712059
"727","IT",10,2020-03-19,1.355416,1.67342680779258,-23.4622291453386,90.2615482765978,-9.73845172340219
"728","IT",11,2020-03-20,1.326928,1.64898300028448,-24.2707215677471,89.4190117405226,-10.5809882594774
"729","IT",12,2020-03-21,1.115074,1.37184589304268,-23.0273410592191,88.8755072539053,-11.1244927460947
"730","IT",13,2020-03-22,1.021788,1.20020026602146,-17.4607908902299,88.6689626438566,-11.3310373561434
"731","IT",14,2020-03-23,1.24556,1.59379160477291,-27.9578346103688,87.950425869668,-12.049574130332
"732","IT",15,2020-03-24,1.276638,1.66824201026511,-30.674632140443,87.18803680213,-12.81196319787
"733","IT",16,2020-03-25,1.275776,1.68909347926193,-32.3973392869857,86.450205602417,-13.549794397583
"734","IT",17,2020-03-26,1.24425,1.66476595836043,-33.7967416805652,85.7626378501775,-14.2373621498225
"735","IT",18,2020-03-27,1.200412,1.61326310275139,-34.3924504879479,85.1513931106011,-14.8486068893989
"736","IT",19,2020-03-28,1.058078,1.323229760053,-25.0597555239786,84.9319220882922,-15.0680779117078
"737","IT",20,2020-03-29,0.949684,1.15034974708455,-21.1297386377527,84.8476724311848,-15.1523275688152
"738","IT",21,2020-03-30,1.173726,1.50938489492252,-28.5977216933525,84.5326340618796,-15.4673659381204
"739","IT",22,2020-03-31,1.197888,1.61635756697214,-34.9339476622302,84.0589645216807,-15.9410354783193
"740","IT",23,2020-04-01,1.249466,1.62945826703443,-30.4123735287257,83.7356931742937,-16.2643068257063
"741","IT",24,2020-04-02,1.209218,1.60757171606386,-32.943085205799,83.3828958237113,-16.6171041762887
"742","IT",25,2020-04-03,1.189876,1.58218524717279,-32.9705992198171,83.0624855796705,-16.9375144203295
"743","IT",26,2020-04-04,1.061592,1.3087233717467,-23.2793174540404,83.0014056301301,-16.9985943698699
"744","IT",27,2020-04-05,0.981644,1.14337823630968,-16.4758544146027,83.0775648915538,-16.9224351084462
"745","IT",28,2020-04-06,1.172814,1.50850373631598,-28.62258945715,82.8962274424425,-17.1037725575575
"746","IT",29,2020-04-07,1.198428,1.59368765573059,-32.9815104228695,82.6291783944731,-17.3708216055269
"747","IT",30,2020-04-08,1.204142,1.61193177917097,-33.8655888733198,82.3604461036746,-17.6395538963254
"748","IT",31,2020-04-09,1.19959,1.60846206204234,-34.0843173119435,82.1058717391384,-17.8941282608616
"749","IT",32,2020-04-10,1.157216,1.38172793528802,-19.4010396752223,82.1508575919964,-17.8491424080036
"750","IT",33,2020-04-11,1.002744,1.32592136212068,-32.2292990155693,81.9840614659707,-18.0159385340293
"751","IT",34,2020-04-12,0.912688,0.946032997817788,-3.65349361641527,82.2436419218922,-17.7563580781078
"752","IT",35,2020-04-13,0.90747,1.29386375306661,-42.5792316072829,81.9541200026549,-18.0458799973451
"753","IT",36,2020-04-14,1.165726,1.57311478956698,-34.9472165471971,81.732304525299,-18.267695474701
"754","IT",37,2020-04-15,1.216714,1.57847953383228,-29.7329967299035,81.60408949962,-18.39591050038
"755","IT",38,2020-04-16,1.233698,1.57137160989602,-27.3708484488118,81.5214687364701,-18.4785312635299
"756","IT",39,2020-04-17,1.225598,1.55230170380851,-26.6566772961862,81.4554537175245,-18.5445462824755
"757","IT",40,2020-04-18,1.071326,1.27835243804455,-19.3243175321569,81.5041693836461,-18.4958306163539
"758","IT",41,2020-04-19,0.974738,1.10060123437655,-12.9125195054008,81.627975950057,-18.372024049943
"759","IT",42,2020-04-20,1.281068,1.43384198402614,-11.9255171486711,81.8003449325054,-18.1996550674946
"760","IT",43,2020-04-21,1.325468,1.50599990538438,-13.620238691872,81.9427404232003,-18.0572595767997
"761","IT",44,2020-04-22,1.312512,1.51224042468743,-15.2172646564318,82.0518573827486,-17.9481426172514
"762","IT",45,2020-04-23,1.28757,1.50646075118721,-17.0002991050744,82.1267866552343,-17.8732133447657
"763","IT",46,2020-04-24,1.24862,1.49106526754578,-19.4170578355129,82.1610493490565,-17.8389506509435
"764","IT",47,2020-04-25,1.008898,1.0146280070823,-0.567947114802012,82.4071268022781,-17.5928731977219
"765","IT",48,2020-04-26,0.972548,1.05529620005703,-8.50839239369431,82.5495010656198,-17.4504989343802
"766","IT",49,2020-04-27,1.219064,1.41677101758749,-16.2179358579603,82.6167038855138,-17.3832961144862
"767","IT",50,2020-04-28,1.319144,1.48989113560142,-12.9437829078113,82.7340711834332,-17.2659288165668
"768","IT",51,2020-04-29,1.305568,1.51572528125551,-16.0970000226348,82.8012744128743,-17.1987255871257
"769","IT",52,2020-04-30,1.260082,1.51989013461767,-20.6183513944066,82.8033116716416,-17.1966883283584
"770","IT",53,2020-05-01,0.958666,1.30319958719426,-35.9388553671728,82.6518812408009,-17.3481187591991
"771","IT",54,2020-05-02,1.005214,1.26787751033688,-26.1301086472011,82.599017500015,-17.400982499985
"772","IT",55,2020-05-03,0.949752,1.1098121911167,-16.8528406485802,82.6393796299203,-17.3606203700797
"773","IT",56,2020-05-04,1.27123,1.47055014165489,-15.6793138656961,82.7065185348785,-17.2934814651215
"774","IT",57,2020-05-05,1.369896,1.58051519999472,-15.3748313736752,82.7803307370825,-17.2196692629175
"775","IT",58,2020-05-06,1.392024,1.59147978277972,-14.3284729846414,82.8665180297992,-17.1334819702008
"776","IT",59,2020-05-07,1.381782,1.59345704280795,-15.3189897399122,82.9361117613978,-17.0638882386022
"777","IT",60,2020-05-08,1.370488,1.592687420293,-16.2131605890018,82.99135941635,-17.00864058365
"778","IT",61,2020-05-09,1.134158,1.32304473251084,-16.6543579034706,83.0310552720665,-16.9689447279335
"779","IT",62,2020-05-10,1.023498,1.15542540672409,-12.8898548628418,83.1006090832942,-16.8993909167058
"780","IT",63,2020-05-11,1.341238,1.49951704596379,-11.800966417876,83.2021243207804,-16.7978756792196
"781","IT",64,2020-05-12,1.40742,1.59488999617589,-13.3201173903943,83.2865244140926,-16.7134755859074
"782","IT",65,2020-05-13,1.448714,1.60711812939051,-10.9341201500444,83.4002367019202,-16.5997632980798
"783","IT",66,2020-05-14,1.427136,1.61368885105355,-13.0718341527052,83.4827689342038,-16.5172310657962
"784","IT",67,2020-05-15,1.4183,1.57222870952421,-10.8530430461967,83.5884251254028,-16.4115748745972
"785","IT",68,2020-05-16,1.171508,1.29862129420711,-10.8503991613466,83.673251173955,-16.326748826045
"786","IT",69,2020-05-17,1.037892,1.16709279262782,-12.4483850562315,83.7330651156186,-16.2669348843814
"787","IT",70,2020-05-18,1.379624,1.52676749027085,-10.6654777150045,83.8303022433254,-16.1696977566746
"788","IT",71,2020-05-19,1.50104,1.58059580857705,-5.30004587333119,83.9968770881284,-16.0031229118716
"789","IT",72,2020-05-20,1.483888,1.59503994295228,-7.49058843742113,84.1312196023216,-15.8687803976784
"790","IT",73,2020-05-21,1.453718,1.60404344042801,-10.3407566273517,84.2269451014929,-15.7730548985071
"791","IT",74,2020-05-22,1.440076,1.59530771800508,-10.7794115036346,84.3142093625553,-15.6857906374447
"792","IT",75,2020-05-23,1.200664,1.34671259054517,-12.1639851403199,84.3725159022485,-15.6274840977515
"793","IT",76,2020-05-24,1.06316,1.16069682835977,-9.17423796604213,84.4467379114853,-15.5532620885147
"794","IT",77,2020-05-25,1.397358,1.51903105498235,-8.70736453953494,84.5468197714337,-15.4531802285663
"795","IT",78,2020-05-26,1.472782,1.57041090392777,-6.6288767738722,84.6717951131446,-15.3282048868554
"796","IT",79,2020-05-27,1.495108,1.58163604599525,-5.78741107634022,84.8043205024036,-15.1956794975964
"797","IT",80,2020-05-28,1.481612,1.57445743245958,-6.26651461108473,84.927123541277,-15.072876458723
"798","IT",81,2020-05-29,1.442866,1.53582593216782,-6.44272802656814,85.0418466279361,-14.9581533720639
"799","IT",82,2020-05-30,1.177314,1.26170504472412,-7.16809999066677,85.1273572270646,-14.8726427729354
"800","IT",83,2020-05-31,1.055086,1.1012004953714,-4.37068593189521,85.2229271293922,-14.7770728706078
"801","IT",84,2020-06-01,1.158796,1.48498111544761,-28.1486228333213,85.1372558723046,-14.8627441276954
"802","IT",85,2020-06-02,1.056498,1.35808391657663,-28.545810458385,85.0580743391272,-14.9419256608728
"803","IT",86,2020-06-03,1.417348,1.60198528122474,-13.0269546522617,85.1009789671596,-14.8990210328404
"804","IT",87,2020-06-04,1.513324,1.5665967074704,-3.52024467135924,85.2404789130583,-14.7595210869417
"805","IT",88,2020-06-05,1.4773,1.57059058537667,-6.31493842663445,85.3464632375545,-14.6535367624455
"806","IT",89,2020-06-06,1.19092,1.32207164072086,-11.0126323112266,85.3938635041506,-14.6061364958494
"807","IT",90,2020-06-07,1.08083,1.16578165639737,-7.8598536677707,85.4579266095926,-14.5420733904074
"808","IT",91,2020-06-08,1.45268,1.52637503075031,-5.07303953729024,85.5679907167089,-14.4320092832911
"809","IT",92,2020-06-09,1.521348,1.62103309070919,-6.55241869113374,85.6664707218841,-14.3335292781159
"810","IT",93,2020-06-10,1.522302,1.63743620681351,-7.56316465546962,85.7531317500275,-14.2468682499725
"811","IT",94,2020-06-11,1.497034,1.63652387954175,-9.31774959965853,85.8202217349007,-14.1797782650993
"812","IT",95,2020-06-12,1.461836,1.66389253933158,-13.822107222122,85.8442035343463,-14.1557964656537
"813","IT",96,2020-06-13,1.219034,1.43128008324757,-17.4110060299854,85.8374504021328,-14.1625495978672
"814","IT",97,2020-06-14,1.090006,1.25276932306544,-14.9323327638053,85.847634540553,-14.152365459447
"815","IT",98,2020-06-15,1.460594,1.6035403427035,-9.78686361189351,85.9053374707222,-14.0946625292778
"816","IT",99,2020-06-16,1.543842,1.70231435999818,-10.2648042998038,85.9606557302088,-14.0393442697912
"817","IT",100,2020-06-17,1.565948,1.70314255633713,-8.76111827066614,86.029071120532,-13.970928879468
"818","IT",101,2020-06-18,1.555306,1.71388207232832,-10.1958117777669,86.0827407365463,-13.9172592634537
"819","IT",102,2020-06-19,1.52847,1.70553566556526,-11.5845038218126,86.1223103093614,-13.8776896906386
"820","IT",103,2020-06-20,1.25482,1.44087102783874,-14.8269096634369,86.1313520707668,-13.8686479292332
"821","IT",104,2020-06-21,1.117048,1.27192379002716,-13.8647390288656,86.1452290061962,-13.8547709938038
"822","IT",105,2020-06-22,1.50047,1.67219247316614,-11.4445789096844,86.1834735109945,-13.8165264890055
"823","IT",106,2020-06-23,1.610256,1.77781827219471,-10.4059399371723,86.2327144221127,-13.7672855778873
"824","IT",107,2020-06-24,1.65115,1.79555825338071,-8.74591971539306,86.2968213968622,-13.7031786031378
"825","IT",108,2020-06-25,1.682666,1.77435773188166,-5.44919383179174,86.3902421105183,-13.6097578894817
"826","IT",109,2020-06-26,1.65043,1.78711627786548,-8.28185853780391,86.455240692294,-13.544759307706
"827","IT",110,2020-06-27,1.39235,1.52189289379131,-9.30390302663231,86.5015414101547,-13.4984585898453
"828","IT",111,2020-06-28,1.25681,1.38532823030532,-10.2257485463455,86.5365986315854,-13.4634013684146
"829","IT",112,2020-06-29,1.666194,1.78189402972724,-6.94397109383633,86.610268771657,-13.389731228343
"830","NY",0,2020-03-21,0.343503,0.378804364760693,-10.2768723302833,100,0
"831","NY",1,2020-03-22,0.352321,0.369969817703174,-5.00930052513882,92.9284177120486,-7.07158228795137
"832","NY",2,2020-03-23,0.395355,0.403391819949429,-2.03281100515455,94.7067521272495,-5.29324787275051
"833","NY",3,2020-03-24,0.371685,0.402334257415395,-8.24603021789821,94.1050984553203,-5.89490154467968
"834","NY",4,2020-03-25,0.374236,0.398447946143845,-6.46969990696915,94.0680349013738,-5.93196509862615
"835","NY",5,2020-03-26,0.355959,0.395435491178412,-11.0901792561535,93.3858893101929,-6.61411068980709
"836","NY",6,2020-03-27,0.339971,0.39067167658455,-14.9132357126197,92.478232615848,-7.52176738415196
"837","NY",7,2020-03-28,0.347347,0.366909384110025,-5.63194272874826,92.7369504990133,-7.26304950098674
"838","NY",8,2020-03-29,0.344815,0.361211377790934,-4.75512312136476,93.0207140863342,-6.97928591366581
"839","NY",9,2020-03-30,0.36088,0.390138685037171,-8.10759394734288,92.9680922277882,-7.03190777221184
"840","NY",10,2020-03-31,0.361193,0.394030437372178,-9.09138254954493,92.8474344098418,-7.15256559015818
"841","NY",11,2020-04-01,0.350165,0.392319434697735,-12.0384489305712,92.543934249073,-7.456065750927
"842","NY",12,2020-04-02,0.351635,0.389372656657345,-10.7320535945923,92.3709616530743,-7.62903834692567
"843","NY",13,2020-04-03,0.358398,0.386576453219551,-7.86233550955935,92.3951997756527,-7.60480022434729
"844","NY",14,2020-04-04,0.328605,0.361637315704623,-10.0522863938842,92.2995367401713,-7.70046325982874
"845","NY",15,2020-04-05,0.321994,0.356318759308767,-10.6600617740602,92.1873333062778,-7.81266669372224
"846","NY",16,2020-04-06,0.333426,0.384126880412405,-15.2060368454786,91.8700795557218,-8.12992044427823
"847","NY",17,2020-04-07,0.331141,0.387738262421109,-17.0915901145159,91.5071779569663,-8.4928220430337
"848","NY",18,2020-04-08,0.338252,0.385660280827805,-14.0156690360455,91.3062917604031,-8.69370823959694
"849","NY",19,2020-04-09,0.351878,0.384477464141078,-9.26442236828604,91.3170460674925,-8.68295393250754
"850","NY",20,2020-04-10,0.357667,0.372725850367964,-4.21029906811768,91.5319507095045,-8.46804929049551
"851","NY",21,2020-04-11,0.334303,0.358006563796868,-7.09044304025631,91.6105757813354,-8.38942421866462
"852","NY",22,2020-04-12,0.325772,0.352340226651566,-8.15546659982014,91.6447103322223,-8.3552896677777
"853","NY",23,2020-04-13,0.347389,0.380603940294215,-9.56131031616285,91.6292412299147,-8.37075877008529
"854","NY",24,2020-04-14,0.340343,0.382508718340127,-12.3891833650543,91.5227212429046,-8.47727875709539
"855","NY",25,2020-04-15,0.345685,0.383027551794985,-10.8024796548837,91.4735503484951,-8.52644965150493
"856","NY",26,2020-04-16,0.353462,0.382997595743414,-8.3560879934516,91.5038706667501,-8.49612933324993
"857","NY",27,2020-04-17,0.356383,0.377230012104162,-5.84960901731051,91.6088751069197,-8.39112489308027
"858","NY",28,2020-04-18,0.346019,0.353576412033817,-2.18410319485824,91.8094779327663,-8.19052206723374
"859","NY",29,2020-04-19,0.326415,0.346989636326152,-6.3032141066287,91.8784833569763,-8.1215166430237
"860","NY",30,2020-04-20,0.339132,0.373696685966951,-10.1921039497749,91.8425917758154,-8.15740822418455
"861","NY",31,2020-04-21,0.357558,0.376861730816263,-5.39876909935245,91.9369670981098,-8.06303290189021
"862","NY",32,2020-04-22,0.359708,0.379895494780473,-5.61218954832069,92.0205157079604,-7.97948429203961
"863","NY",33,2020-04-23,0.362085,0.374336181561237,-3.38350982814454,92.1573683548355,-7.84263164516454
"864","NY",34,2020-04-24,0.350692,0.370048865843235,-5.51962002076881,92.2303402547164,-7.76965974528363
"865","NY",35,2020-04-25,0.318449,0.348862140116069,-9.5503958612113,92.2060066225215,-7.79399337747851
"866","NY",36,2020-04-26,0.335071,0.343792434136957,-2.60286152396266,92.3356875509588,-7.6643124490412
"867","NY",37,2020-04-27,0.355814,0.370360851936584,-4.08833040200339,92.4324118222398,-7.56758817776016
"868","NY",38,2020-04-28,0.338149,0.372754933581074,-10.2339304806681,92.3888335312973,-7.61116646870269
"869","NY",39,2020-04-29,0.345861,0.373106261024066,-7.87751756458992,92.3964895137178,-7.60351048628219
"870","NY",40,2020-04-30,0.350822,0.370767967042584,-5.68549493548971,92.4499476350161,-7.55005236498391
"871","NY",41,2020-05-01,0.339856,0.367640561746172,-8.17539244449761,92.4497734497572,-7.55022655024278
"872","NY",42,2020-05-02,0.311286,0.349753071497825,-12.3574691755573,92.3750594840846,-7.62494051591538
"873","NY",43,2020-05-03,0.308035,0.349673489691388,-13.5174540852138,92.2842464582059,-7.7157535417941
"874","NY",44,2020-05-04,0.336948,0.36766742176599,-9.11696219178928,92.2703005663476,-7.72969943365244
"875","NY",45,2020-05-05,0.332284,0.370728543737763,-11.5697848038915,92.213489127401,-7.786510872599
"876","NY",46,2020-05-06,0.344572,0.370545672738095,-7.53795222423626,92.2298464833605,-7.77015351663954
"877","NY",47,2020-05-07,0.335444,0.370483294408763,-10.44564648906,92.1950552722761,-7.80494472772395
"878","NY",48,2020-05-08,0.345982,0.368289571536959,-6.44761043550225,92.230156862118,-7.76984313788201
"879","NY",49,2020-05-09,0.343886,0.350287202473935,-1.86143154241095,92.3415347692406,-7.65846523075945
"880","NY",50,2020-05-10,0.323479,0.342159743867683,-5.77494794644565,92.381066722142,-7.61893327785801
"881","NY",51,2020-05-11,0.34859,0.368890121941697,-5.8234952068899,92.4213002133162,-7.57869978668384
"882","NY",52,2020-05-12,0.346715,0.3729179613667,-7.55749285917833,92.4317152288192,-7.56828477118083
"883","NY",53,2020-05-13,0.339573,0.372845223641146,-9.79825358351399,92.4066271258016,-7.59337287419842
"884","NY",54,2020-05-14,0.338212,0.375428984087616,-11.0040400954479,92.364187172307,-7.63581282769304
"885","NY",55,2020-05-15,0.348638,0.385149294422822,-10.4725515930053,92.3302168406512,-7.66978315934875
"886","NY",56,2020-05-16,0.330513,0.352180078113339,-6.55559028338953,92.3553565220049,-7.64464347799513
"887","NY",57,2020-05-17,0.315491,0.349641549047914,-10.8245715560551,92.3210100724843,-7.67898992751572
"888","NY",58,2020-05-18,0.338439,0.376649506538609,-11.2902196669442,92.278764762697,-7.72123523730303
"889","NY",59,2020-05-19,0.332491,0.383082153783824,-15.2157964527834,92.1848251708963,-7.81517482910373
"890","NY",60,2020-05-20,0.331377,0.385675494504252,-16.3857161191789,92.0786568317586,-7.92134316824136
"891","NY",61,2020-05-21,0.332846,0.387922279138539,-16.5470755660393,91.9734456696789,-8.02655433032106
"892","NY",62,2020-05-22,0.346415,0.390124440273448,-12.6176523168594,91.9207684800049,-8.07923151999512
"893","NY",63,2020-05-23,0.343162,0.365823230995416,-6.60365395801874,91.9496185257291,-8.05038147427091
"894","NY",64,2020-05-24,0.321454,0.365872235995613,-13.8179136036923,91.8879451108359,-8.11205488916409
"895","NY",65,2020-05-25,0.338938,0.384092486568246,-13.3223440771603,91.8311578336297,-8.16884216637028
"896","NY",66,2020-05-26,0.391244,0.419447625985386,-7.2087050498886,91.8553345612695,-8.14466543873054
"897","NY",67,2020-05-27,0.408893,0.413517786612428,-1.13105057128095,91.9693621294799,-8.03063787052007
"898","NY",68,2020-05-28,0.406992,0.40287166706448,1.01238671411723,92.1102766324696,-7.88972336753039
"899","NY",69,2020-05-29,0.415433,0.409482750327238,1.43230067730832,92.2557809199296,-7.74421908007038
"900","NY",70,2020-05-30,0.369344,0.37206168580268,-0.735814255187441,92.3536456025665,-7.64635439743348
"901","NY",71,2020-05-31,0.326522,0.362745723213144,-11.093807833207,92.3222448716074,-7.6777551283926
"902","NY",72,2020-06-01,0.342495,0.397491938125611,-16.0577346021434,92.2329894588725,-7.76701054112748
"903","NY",73,2020-06-02,0.354283,0.406348203877549,-14.695936264949,92.1593173377064,-7.8406826622936
"904","NY",74,2020-06-03,0.385926,0.415137260018354,-7.5691350202769,92.171135837593,-7.82886416240699
"905","NY",75,2020-06-04,0.420663,0.427322058280194,-1.58299120202955,92.2645842330945,-7.73541576690552
"906","NY",76,2020-06-05,0.437371,0.422286739040124,3.44884799400864,92.4286940895481,-7.57130591045187
"907","NY",77,2020-06-06,0.423671,0.393972043918064,7.00991006746648,92.6305497553708,-7.36945024462925
"908","NY",78,2020-06-07,0.358051,0.380820878638258,-6.35939534822071,92.6482743380319,-7.35172566196809
"909","NY",79,2020-06-08,0.382607,0.421632230422817,-10.1998213369899,92.6217729733211,-7.37822702667889
"910","NY",80,2020-06-09,0.432479,0.44843686286613,-3.6898584361622,92.6774924903972,-7.32250750960279
"911","NY",81,2020-06-10,0.478534,0.4509880591924,5.75631842410352,92.8716746016411,-7.1283253983589
"912","NY",82,2020-06-11,0.461297,0.437554797775411,5.14683646860674,93.0453484707128,-6.95465152928716
"913","NY",83,2020-06-12,0.429188,0.426510555733605,0.623839498400414,93.1462330163467,-6.85376698365332
"914","NY",84,2020-06-13,0.359126,0.39353030076864,-9.58000834488181,93.1233279032058,-6.87667209679418
"915","NY",85,2020-06-14,0.337913,0.39365881483788,-16.4970909192248,93.036019082847,-6.96398091715298
"916","NY",86,2020-06-15,0.373391,0.437221843812608,-17.0949068972224,92.9357120820617,-7.06428791793832
"917","NY",87,2020-06-16,0.385455,0.451552537815501,-17.1479259097693,92.8343294626686,-7.16567053733135
"918","NY",88,2020-06-17,0.404303,0.461858995138186,-14.2358565576277,92.7627944735932,-7.23720552640677
"919","NY",89,2020-06-18,0.436646,0.469555874127468,-7.53696910711826,92.7658895062513,-7.2341104937487
"920","NY",90,2020-06-19,0.45883,0.463315563235397,-0.977608969639471,92.8485361073329,-7.15146389266711
"921","NY",91,2020-06-20,0.454177,0.439060000932027,3.32843782665639,92.9793246602877,-7.02067533971227
"922","NY",92,2020-06-21,0.466621,0.438733444431999,5.97648960676883,93.1423300511033,-6.85766994889669
"923","NY",93,2020-06-22,0.528415,0.490972843516742,7.08574822502347,93.3371790369596,-6.66282096304037
"924","NY",94,2020-06-23,0.528418,0.488940509954209,7.47088290818841,93.5320025300121,-6.46799746998794
"925","NY",95,2020-06-24,0.495687,0.472786803574805,4.61989046014823,93.6747781387691,-6.32522186123089
"926","NY",96,2020-06-25,0.464809,0.477510619377668,-2.73265349372928,93.7209150219626,-6.27908497803737
"927","NY",97,2020-06-26,0.471089,0.481784073861157,-2.27028732599512,93.7718214215407,-6.22817857845925
"928","NY",98,2020-06-27,0.435558,0.440641925751829,-1.16722130045349,93.8293653516994,-6.17063464830056
"929","NY",99,2020-06-28,0.459586,0.438065709698069,4.68253826311755,93.9529210818607,-6.04707891813926
"930","NY",100,2020-06-29,0.491415,0.488643100802339,0.564064832709922,94.0341610122928,-5.96583898770717
