"","country","date","dif","school","workplace","events","transport","movement","travel","index"
"1","AT",2020-03-01,0.533554895835805,"0","0","0","0","0","0",11.11
"2","AT",2020-03-02,2.00464945975246,"0","0","0","0","0","0",11.11
"3","AT",2020-03-03,1.81787931819591,"0","0","0","0","0","0",11.11
"4","AT",2020-03-04,0.674338017208239,"0","0","0","0","0","0",11.11
"5","AT",2020-03-05,2.10260591304609,"0","0","0","0","0","0",11.11
"6","AT",2020-03-06,3.02613686368296,"0","0","0","0","0","0",11.11
"7","AT",2020-03-07,0.144942245435567,"0","0","0","0","0","0",11.11
"8","AT",2020-03-08,-1.32663536723935,"0","0","0","0","0","0",11.11
"9","AT",2020-03-09,3.3615829792706,"0","0","0","0","0","0",19.44
"10","AT",2020-03-10,3.05160260402946,"0","0","0","0","0","0",19.44
"11","AT",2020-03-11,3.79166208276867,"0","0","1","0","0","0",30.56
"12","AT",2020-03-12,1.45400347926588,"0","0","1","0","0","0",34.26
"13","AT",2020-03-13,0.34478567115049,"0","0","1","0","0","0",48.15
"14","AT",2020-03-14,-3.15190734215881,"0","0","1","0","0","0",48.15
"15","AT",2020-03-15,-5.06554067112746,"0","0","1","0","0","0",48.15
"16","AT",2020-03-16,-5.2723090961301,"1","1","1","0","0","0",85.19
"17","AT",2020-03-17,-6.12093628573321,"1","1","1","0","0","0",85.19
"18","AT",2020-03-18,-9.87503069831509,"1","1","1","0","0","0",85.19
"19","AT",2020-03-19,-10.8915675060031,"1","1","1","0","0","0",85.19
"20","AT",2020-03-20,-12.4167933139211,"1","1","1","0","0","0",85.19
"21","AT",2020-03-21,-6.6239456483094,"1","1","1","0","0","0",85.19
"22","AT",2020-03-22,-9.2537203532942,"1","1","1","0","0","0",85.19
"23","AT",2020-03-23,-11.0489639800775,"1","1","1","0","0","0",85.19
"24","AT",2020-03-24,-9.65675068338202,"1","1","1","0","0","0",85.19
"25","AT",2020-03-25,-10.2785468861902,"1","1","1","0","0","0",85.19
"26","AT",2020-03-26,-5.93454568890066,"1","1","1","0","0","0",85.19
"27","AT",2020-03-27,-7.52810291726089,"1","1","1","0","0","0",85.19
"28","AT",2020-03-28,-6.38008551801411,"1","1","1","0","0","0",85.19
"29","AT",2020-03-29,-6.27552774553469,"1","1","1","0","0","0",85.19
"30","AT",2020-03-30,-8.35912824636427,"1","1","1","0","0","0",85.19
"31","AT",2020-03-31,-8.62409456553075,"1","1","1","0","0","0",85.19
"32","AT",2020-04-01,-9.59462299293236,"1","1","1","0","0","0",85.19
"33","AT",2020-04-02,-8.18420195146058,"1","1","1","0","0","0",85.19
"34","AT",2020-04-03,-7.78571790755238,"1","1","1","0","0","0",85.19
"35","AT",2020-04-04,-6.50050655148625,"1","1","1","0","0","0",85.19
"36","AT",2020-04-05,-2.28089000234533,"1","1","1","0","0","0",85.19
"37","AT",2020-04-06,-8.91436845874366,"1","1","1","0","0","0",85.19
"38","AT",2020-04-07,-11.2470665803393,"1","1","1","0","0","0",85.19
"39","AT",2020-04-08,-12.563965267277,"1","1","1","0","0","0",85.19
"40","AT",2020-04-09,-12.6070533771657,"1","1","1","0","0","0",85.19
"41","AT",2020-04-10,-3.55270041899895,"1","1","1","0","0","0",85.19
"42","AT",2020-04-11,-13.2343166041368,"1","1","1","0","0","0",85.19
"43","AT",2020-04-12,12.5874558396238,"1","1","1","0","0","0",85.19
"44","AT",2020-04-13,-19.3120363898666,"1","1","1","0","0","0",85.19
"45","AT",2020-04-14,-15.5468709172924,"1","0","1","0","0","0",81.48
"46","AT",2020-04-15,-9.50917100773929,"1","0","1","0","0","0",81.48
"47","AT",2020-04-16,-8.14987829437128,"1","0","1","0","0","0",81.48
"48","AT",2020-04-17,-9.4499971106894,"1","0","1","0","0","0",81.48
"49","AT",2020-04-18,-6.21486210066786,"1","0","1","0","0","0",81.48
"50","AT",2020-04-19,0.630931928006207,"1","0","1","0","0","0",81.48
"51","AT",2020-04-20,-7.94000472576099,"1","0","1","0","0","0",81.48
"52","AT",2020-04-21,-8.5825608076871,"1","0","1","0","0","0",81.48
"53","AT",2020-04-22,-8.64597389809021,"1","0","1","0","0","0",81.48
"54","AT",2020-04-23,-8.38162702364352,"1","0","1","0","0","0",78.7
"55","AT",2020-04-24,-7.99941036982804,"1","0","1","0","0","0",78.7
"56","AT",2020-04-25,-5.91800779844829,"1","0","1","0","0","0",78.7
"57","AT",2020-04-26,-2.77205254153877,"1","0","1","0","0","0",78.7
"58","AT",2020-04-27,-6.47056186693952,"1","0","1","0","0","0",78.7
"59","AT",2020-04-28,-7.40818669454021,"1","0","1","0","0","0",78.7
"60","AT",2020-04-29,-6.5678031387021,"1","0","1","0","0","0",78.7
"61","AT",2020-04-30,-8.47408532696084,"1","0","1","0","0","0",78.7
"62","AT",2020-05-01,-12.3194691570885,"1","0","1","0","0","0",71.3
"63","AT",2020-05-02,-5.84098105460989,"1","0","1","0","0","0",68.52
"64","AT",2020-05-03,-2.44139173043186,"1","0","1","0","0","0",68.52
"65","AT",2020-05-04,-3.97380505901443,"0","0","1","0","0","0",64.81
"66","AT",2020-05-05,-2.51194881005006,"0","0","1","0","0","0",64.81
"67","AT",2020-05-06,-6.39342811624536,"0","0","1","0","0","0",64.81
"68","AT",2020-05-07,-6.04734917072201,"0","0","1","0","0","0",64.81
"69","AT",2020-05-08,-6.35991572119024,"0","0","1","0","0","0",64.81
"70","AT",2020-05-09,-2.1328608246463,"0","0","1","0","0","0",64.81
"71","AT",2020-05-10,2.6783761281674,"0","0","1","0","0","0",64.81
"72","AT",2020-05-11,-0.440704568257955,"0","0","1","0","0","0",59.26
"73","AT",2020-05-12,-4.32445061023201,"0","0","1","0","0","0",59.26
"74","AT",2020-05-13,-1.68547175305822,"0","0","1","0","0","0",59.26
"75","AT",2020-05-14,-0.386187623794398,"0","0","1","0","0","0",59.26
"76","AT",2020-05-15,0.890132858878728,"0","0","1","0","0","0",59.26
"77","AT",2020-05-16,1.7781147718939,"0","0","1","0","0","0",59.26
"78","AT",2020-05-17,5.89765138475139,"0","0","1","0","0","0",59.26
"79","AT",2020-05-18,-0.896921841206861,"0","0","1","0","0","0",55.56
"80","AT",2020-05-19,1.10453416542013,"0","0","1","0","0","0",55.56
"81","AT",2020-05-20,-0.454439990020072,"0","0","1","0","0","0",55.56
"82","AT",2020-05-21,-9.52476911982478,"0","0","1","0","0","0",55.56
"83","AT",2020-05-22,-10.0189317316951,"0","0","1","0","0","0",55.56
"84","AT",2020-05-23,0.906233228035484,"0","0","1","0","0","0",55.56
"85","AT",2020-05-24,0.481999060157944,"0","0","1","0","0","0",55.56
"86","AT",2020-05-25,-0.541904699265235,"0","0","1","0","0","0",55.56
"87","AT",2020-05-26,-0.950855730560744,"0","0","1","0","0","0",55.56
"88","AT",2020-05-27,-3.25698227348638,"0","0","1","0","0","0",55.56
"89","AT",2020-05-28,-1.76949569837493,"0","0","1","0","0","0",55.56
"90","AT",2020-05-29,-3.1849300950559,"0","0","1","0","0","0",50
"91","AT",2020-05-30,-2.31773593342117,"0","0","1","0","0","0",50
"92","AT",2020-05-31,19.7545940597093,"0","0","1","0","0","0",50
"93","AT",2020-06-01,-11.2577655613194,"0","0","1","0","0","0",50
"94","AT",2020-06-02,5.83249204589005,"0","0","1","0","0","0",50
"95","AT",2020-06-03,-8.69305281169894,"0","0","1","0","0","0",46.3
"96","AT",2020-06-04,-8.50719497399699,"0","0","1","0","0","0",43.52
"97","AT",2020-06-05,-7.38226678288945,"0","0","1","0","0","0",43.52
"98","AT",2020-06-06,-5.42577607514528,"0","0","1","0","0","0",43.52
"99","AT",2020-06-07,-0.143925583266839,"0","0","1","0","0","0",43.52
"100","AT",2020-06-08,-5.32324448291398,"0","0","1","0","0","0",43.52
"101","AT",2020-06-09,-6.91115916080588,"0","0","1","0","0","0",43.52
"102","AT",2020-06-10,-5.00823189978155,"0","0","1","0","0","0",43.52
"103","AT",2020-06-11,-18.2298124658925,"0","0","1","0","0","0",43.52
"104","AT",2020-06-12,-9.42106230932588,"0","0","1","0","0","0",43.52
"105","AT",2020-06-13,-6.58081282915069,"0","0","1","0","0","0",43.52
"106","AT",2020-06-14,-1.5526014304197,"0","0","1","0","0","0",43.52
"107","AT",2020-06-15,-5.58356169546595,"0","0","1","0","0","0",43.52
"108","AT",2020-06-16,-4.44742091358192,"0","0","1","0","0","0",43.52
"109","AT",2020-06-17,-5.95787107160539,"0","0","1","0","0","0",43.52
"110","AT",2020-06-18,-5.08868945000492,"0","0","1","0","0","0",43.52
"111","AT",2020-06-19,-4.53986865580004,"0","0","1","0","0","0",43.52
"112","AT",2020-06-20,-6.80256883368646,"0","0","1","0","0","0",43.52
"113","AT",2020-06-21,-3.413457453088,"0","0","1","0","0","0",43.52
"114","AT",2020-06-22,-4.64693574860586,"0","0","1","0","0","0",43.52
"115","AT",2020-06-23,-6.52204192226923,"0","0","1","0","0","0",43.52
"116","AT",2020-06-24,-3.65602836286945,"0","0","1","0","0","0",43.52
"117","AT",2020-06-25,-8.18583278606081,"0","0","1","0","0","0",43.52
"118","AT",2020-06-26,-7.78997618136471,"0","0","1","0","0","0",43.52
"119","AT",2020-06-27,-6.60826892069939,"0","0","1","0","0","0",43.52
"120","AT",2020-06-28,-2.27841601703153,"0","0","1","0","0","0",43.52
"121","AT",2020-06-29,-5.64650798824263,"0","0","1","0","0","0",43.52
"122","AT",2020-06-30,-6.98229454325691,"0","0","1","0","0","0",43.52
"123","AT",2020-07-01,-6.49324873480478,"0","0","1","0","0","0",43.52
"124","AT",2020-07-02,-4.16678391925383,"0","0","1","0","0","0",43.52
"125","AT",2020-07-03,-3.31956589557861,"0","0","1","0","0","0",43.52
"126","AT",2020-07-04,-4.92569066691417,"0","0","1","0","0","0",43.52
"127","AT",2020-07-05,-1.60048824101663,"0","0","1","0","0","0",43.52
"128","AT",2020-07-06,-2.45051443511627,"0","0","1","0","0","0",43.52
"129","AT",2020-07-07,-4.60385979956513,"0","0","1","0","0","0",43.52
"130","AT",2020-07-08,-4.53605285401703,"0","0","1","0","0","0",43.52
"131","AT",2020-07-09,-3.76796527960356,"0","0","1","0","0","0",43.52
"132","AT",2020-07-10,-2.38369974482649,"0","0","0","0","0","0",31.48
"133","AT",2020-07-11,-0.26726814386481,"0","0","0","0","0","0",31.48
"134","AT",2020-07-12,0.0539110190034605,"0","0","0","0","0","0",31.48
"135","AT",2020-07-13,-3.57556819526392,"0","0","0","0","0","0",31.48
"136","AT",2020-07-14,-4.31888131018652,"0","0","0","0","0","0",31.48
"137","AT",2020-07-15,-3.20489391369668,"0","0","0","0","0","0",31.48
"138","AT",2020-07-16,-2.13982406458397,"0","0","0","0","0","0",31.48
"139","AT",2020-07-17,-2.62593346544488,"0","0","0","0","0","0",31.48
"140","AT",2020-07-18,0.0261828943319329,"0","0","0","0","0","0",31.48
"141","AT",2020-07-19,2.47705489672563,"0","0","0","0","0","0",31.48
"142","AT",2020-07-20,-1.9434073575997,"0","0","0","0","0","0",31.48
"143","AT",2020-07-21,-3.17946640474078,"0","0","0","0","0","0",31.48
"144","AT",2020-07-22,-2.45530283231466,"0","0","0","0","0","0",31.48
"145","AT",2020-07-23,-1.96117111346208,"0","0","0","0","0","0",31.48
"146","AT",2020-07-24,-0.0322780377109384,"0","0","0","0","0","0",31.48
"147","AT",2020-07-25,3.45050539214617,"0","0","0","0","0","0",31.48
"148","AT",2020-07-26,8.47284476440355,"0","0","0","0","0","0",31.48
"149","AT",2020-07-27,-0.263426091321402,"0","0","0","0","0","0",31.48
"150","AT",2020-07-28,-2.06072089514161,"0","0","0","0","0","0",31.48
"151","AT",2020-07-29,0.623129989450613,"0","0","0","0","0","0",31.48
"152","AT",2020-07-30,-0.789996852083799,"0","0","0","0","0","0",31.48
"153","AT",2020-07-31,1.58152029463062,"0","0","0","0","0","0",31.48
"154","FR",2020-03-01,3.26244862448205,"0","0","1","0","0","0",30.56
"155","FR",2020-03-02,3.23856583293143,"0","0","1","0","0","0",39.81
"156","FR",2020-03-03,1.82740849422653,"0","0","1","0","0","0",39.81
"157","FR",2020-03-04,0.62717111536336,"0","0","1","0","0","0",39.81
"158","FR",2020-03-05,-0.994534052234907,"0","0","1","0","0","0",39.81
"159","FR",2020-03-06,-0.577920883773313,"0","0","1","0","0","0",39.81
"160","FR",2020-03-07,3.80856967506271,"0","0","1","0","0","0",39.81
"161","FR",2020-03-08,5.93568817859044,"0","0","1","0","0","0",39.81
"162","FR",2020-03-09,4.03226065490932,"0","0","1","0","0","0",39.81
"163","FR",2020-03-10,4.03819501066544,"0","0","1","0","0","0",39.81
"164","FR",2020-03-11,-5.12856968555959,"0","0","1","0","0","0",39.81
"165","FR",2020-03-12,-6.82876891374938,"0","0","1","0","0","0",39.81
"166","FR",2020-03-13,-5.97069473905773,"0","0","1","0","0","0",42.59
"167","FR",2020-03-14,-2.58299022364673,"0","0","1","0","0","0",48.15
"168","FR",2020-03-15,-0.52744544214786,"0","0","1","0","0","0",48.15
"169","FR",2020-03-16,-3.24304370167519,"1","0","1","0","0","0",55.56
"170","FR",2020-03-17,-22.8542171565523,"1","1","1","0","1","1",90.74
"171","FR",2020-03-18,-18.3807140072736,"1","1","1","0","1","1",90.74
"172","FR",2020-03-19,-23.9467458419783,"1","1","1","0","1","1",90.74
"173","FR",2020-03-20,-26.6466820866696,"1","1","1","0","1","1",90.74
"174","FR",2020-03-21,-21.7887575819125,"1","1","1","0","1","1",90.74
"175","FR",2020-03-22,-12.7870098297118,"1","1","1","0","1","1",90.74
"176","FR",2020-03-23,-15.0839263193375,"1","1","1","0","1","1",90.74
"177","FR",2020-03-24,-17.3676329510274,"1","1","1","0","1","1",90.74
"178","FR",2020-03-25,-17.7721577762705,"1","1","1","0","1","1",90.74
"179","FR",2020-03-26,-17.2184850670128,"1","1","1","0","1","1",90.74
"180","FR",2020-03-27,-14.0887278130937,"1","1","1","0","1","1",90.74
"181","FR",2020-03-28,-10.4282326670359,"1","1","1","0","1","1",90.74
"182","FR",2020-03-29,-11.0153503484905,"1","1","1","0","1","1",90.74
"183","FR",2020-03-30,-4.72065753744762,"1","1","1","0","1","1",90.74
"184","FR",2020-03-31,-6.62942614273589,"1","1","1","0","1","1",90.74
"185","FR",2020-04-01,-9.79919025966699,"1","1","1","0","1","1",90.74
"186","FR",2020-04-02,-10.4486166614771,"1","1","1","0","1","1",90.74
"187","FR",2020-04-03,-11.5783907498452,"1","1","1","0","1","1",90.74
"188","FR",2020-04-04,-8.46728775293682,"1","1","1","0","1","1",90.74
"189","FR",2020-04-05,-10.0881442176668,"1","1","1","0","1","1",90.74
"190","FR",2020-04-06,-17.2406067675241,"1","1","1","0","1","1",90.74
"191","FR",2020-04-07,-18.8752432357816,"1","1","1","0","1","1",90.74
"192","FR",2020-04-08,-23.9421422347349,"1","1","1","0","1","1",90.74
"193","FR",2020-04-09,-26.1892822607284,"1","1","1","0","1","1",90.74
"194","FR",2020-04-10,-19.3155742043296,"1","1","1","0","1","1",90.74
"195","FR",2020-04-11,-24.4864731920026,"1","1","1","0","1","1",90.74
"196","FR",2020-04-12,-13.0092782535985,"1","1","1","0","1","1",90.74
"197","FR",2020-04-13,-22.9635028091656,"1","1","1","0","1","1",90.74
"198","FR",2020-04-14,-21.8002406602601,"1","1","1","0","1","1",90.74
"199","FR",2020-04-15,-16.4389525944954,"1","1","1","0","1","1",90.74
"200","FR",2020-04-16,-17.0886546552145,"1","1","1","0","1","1",90.74
"201","FR",2020-04-17,-19.4308242822182,"1","1","1","0","1","1",90.74
"202","FR",2020-04-18,-17.761034583192,"1","1","1","0","1","1",90.74
"203","FR",2020-04-19,-15.6154960211672,"1","1","1","0","1","1",90.74
"204","FR",2020-04-20,-15.1143754763508,"1","1","1","0","1","1",90.74
"205","FR",2020-04-21,-16.1132309041753,"1","1","1","0","1","1",90.74
"206","FR",2020-04-22,-15.7736674403588,"1","1","1","0","1","1",90.74
"207","FR",2020-04-23,-15.6914455024932,"1","1","1","0","1","1",90.74
"208","FR",2020-04-24,-18.0612010001752,"1","1","1","0","1","1",90.74
"209","FR",2020-04-25,-19.2035287910579,"1","1","1","0","1","1",90.74
"210","FR",2020-04-26,-15.0813562867085,"1","1","1","0","1","1",90.74
"211","FR",2020-04-27,-16.033111145574,"1","1","1","0","1","1",90.74
"212","FR",2020-04-28,-18.8440357222871,"1","1","1","0","1","1",90.74
"213","FR",2020-04-29,-19.0977404594824,"1","1","1","0","1","1",90.74
"214","FR",2020-04-30,-19.4232451750876,"1","1","1","0","1","1",90.74
"215","FR",2020-05-01,-20.8199286124128,"1","1","1","0","1","1",90.74
"216","FR",2020-05-02,-16.8260417036464,"1","1","1","0","1","1",90.74
"217","FR",2020-05-03,-11.3133167843014,"1","1","1","0","1","1",90.74
"218","FR",2020-05-04,-11.9026068962388,"1","1","1","0","1","1",90.74
"219","FR",2020-05-05,-14.3661215464305,"1","1","1","0","1","1",90.74
"220","FR",2020-05-06,-14.7936014523235,"1","1","1","0","1","1",90.74
"221","FR",2020-05-07,-13.5497210823763,"1","1","1","0","1","1",90.74
"222","FR",2020-05-08,-15.340272403903,"1","1","1","0","1","1",90.74
"223","FR",2020-05-09,-15.2747189265061,"1","1","1","0","1","1",90.74
"224","FR",2020-05-10,-11.4222158153273,"1","1","1","0","1","1",90.74
"225","FR",2020-05-11,-6.15764156488751,"0","0","1","0","1","1",76.85
"226","FR",2020-05-12,-5.38757336832454,"0","0","1","0","1","1",76.85
"227","FR",2020-05-13,-3.59938846692054,"0","0","1","0","1","1",76.85
"228","FR",2020-05-14,-3.52960755059632,"0","0","1","0","1","1",76.85
"229","FR",2020-05-15,-3.54169736866462,"0","0","1","0","1","1",76.85
"230","FR",2020-05-16,-5.486268124348,"0","0","1","0","1","1",76.85
"231","FR",2020-05-17,-6.38353550751419,"0","0","1","0","1","1",76.85
"232","FR",2020-05-18,-5.05981756539328,"0","0","1","0","1","1",76.85
"233","FR",2020-05-19,-8.09527878083282,"0","0","1","0","1","1",76.85
"234","FR",2020-05-20,-9.66886097531705,"0","0","1","0","1","1",76.85
"235","FR",2020-05-21,-14.0117331495856,"0","0","1","0","1","1",76.85
"236","FR",2020-05-22,-16.8375979102101,"0","0","1","0","1","1",76.85
"237","FR",2020-05-23,-14.2006897863431,"0","0","1","0","1","1",76.85
"238","FR",2020-05-24,-11.8208812393097,"0","0","1","0","1","1",76.85
"239","FR",2020-05-25,-6.74225232216853,"0","0","1","0","1","1",76.85
"240","FR",2020-05-26,-6.49534070364857,"0","0","1","0","1","1",75
"241","FR",2020-05-27,-7.1967270780757,"0","0","1","0","1","1",75
"242","FR",2020-05-28,-7.03414561624101,"0","0","1","0","1","1",75
"243","FR",2020-05-29,-7.86613214115752,"0","0","1","0","1","1",75
"244","FR",2020-05-30,-9.95362876073656,"0","0","1","0","1","1",75
"245","FR",2020-05-31,-10.9955337274632,"0","0","1","0","1","1",75
"246","FR",2020-06-01,-17.9870564436062,"0","0","1","0","1","1",75
"247","FR",2020-06-02,-5.21369268548461,"0","0","1","0","0","0",65.74
"248","FR",2020-06-03,-4.02538193550097,"0","0","1","0","0","0",65.74
"249","FR",2020-06-04,-6.25082715392392,"0","0","1","0","0","0",65.74
"250","FR",2020-06-05,-7.88923745824802,"0","0","1","0","0","0",65.74
"251","FR",2020-06-06,-10.3337051333584,"0","0","1","0","0","0",65.74
"252","FR",2020-06-07,-9.53251238959448,"0","0","1","0","0","0",65.74
"253","FR",2020-06-08,-4.82209995130759,"0","0","1","0","0","0",65.74
"254","FR",2020-06-09,-4.84558790004897,"0","0","1","0","0","0",65.74
"255","FR",2020-06-10,-4.10477315822761,"0","0","1","0","0","0",65.74
"256","FR",2020-06-11,3.30501275059127,"0","0","1","0","0","0",65.74
"257","FR",2020-06-12,-4.88735442980963,"0","0","1","0","0","0",65.74
"258","FR",2020-06-13,-7.52169692539748,"0","0","1","0","0","0",65.74
"259","FR",2020-06-14,-7.73501258611388,"0","0","1","0","0","0",65.74
"260","FR",2020-06-15,-3.79020497320871,"0","0","1","0","0","0",65.74
"261","FR",2020-06-16,-4.26530342587906,"0","0","1","0","0","0",65.74
"262","FR",2020-06-17,-5.63342900640009,"0","0","1","0","0","0",65.74
"263","FR",2020-06-18,-5.27680164949887,"0","0","1","0","0","0",65.74
"264","FR",2020-06-19,-7.17423510626717,"0","0","1","0","0","0",65.74
"265","FR",2020-06-20,-7.96876499344982,"0","0","1","0","0","0",65.74
"266","FR",2020-06-21,-13.794937315742,"0","0","1","0","0","0",65.74
"267","FR",2020-06-22,-3.23222363134972,"0","0","1","0","0","0",48.15
"268","FR",2020-06-23,-4.86306444008255,"0","0","1","0","0","0",48.15
"269","FR",2020-06-24,-4.93332085709796,"0","0","1","0","0","0",48.15
"270","FR",2020-06-25,-2.98526391385056,"0","0","1","0","0","0",48.15
"271","FR",2020-06-26,-4.62128610477606,"0","0","1","0","0","0",48.15
"272","FR",2020-06-27,-9.62112841869438,"0","0","1","0","0","0",48.15
"273","FR",2020-06-28,-9.8316247391034,"0","0","1","0","0","0",48.15
"274","FR",2020-06-29,-5.82263851306999,"0","0","1","0","0","0",48.15
"275","FR",2020-06-30,-7.55596472949115,"0","0","1","0","0","0",48.15
"276","FR",2020-07-01,-3.58684597608733,"0","0","1","0","0","0",48.15
"277","FR",2020-07-02,-4.84666571857649,"0","0","1","0","0","0",48.15
"278","FR",2020-07-03,-5.80314106743839,"0","0","1","0","0","0",48.15
"279","FR",2020-07-04,-8.55950407880455,"0","0","1","0","0","0",48.15
"280","FR",2020-07-05,-6.99209638117535,"0","0","1","0","0","0",48.15
"281","FR",2020-07-06,-3.21920269615436,"0","0","1","0","0","0",48.15
"282","FR",2020-07-07,6.66890725868984,"0","0","1","0","0","0",31.48
"283","FR",2020-07-08,-2.10726082933362,"0","0","1","0","0","0",31.48
"284","FR",2020-07-09,-1.11149800113737,"0","0","1","0","0","0",31.48
"285","FR",2020-07-10,-1.90049768394105,"0","0","1","0","0","0",31.48
"286","FR",2020-07-11,-6.13813112544144,"0","0","1","0","0","0",31.48
"287","FR",2020-07-12,-7.55207889107818,"0","0","1","0","0","0",31.48
"288","FR",2020-07-13,-7.91544486948756,"0","0","1","0","0","0",31.48
"289","FR",2020-07-14,-10.0460024274447,"0","0","1","0","0","0",31.48
"290","FR",2020-07-15,-5.01130904386216,"0","0","1","0","0","0",31.48
"291","FR",2020-07-16,-3.56563727233622,"0","0","1","0","0","0",31.48
"292","FR",2020-07-17,-2.31174987086424,"0","0","1","0","0","0",31.48
"293","FR",2020-07-18,-4.83047220287835,"0","0","1","0","0","0",31.48
"294","FR",2020-07-19,-5.77528336522135,"0","0","1","0","0","0",31.48
"295","FR",2020-07-20,-1.02831864746097,"0","0","1","0","0","0",31.48
"296","FR",2020-07-21,-0.579190236255937,"0","0","1","0","0","0",31.48
"297","FR",2020-07-22,-0.874789480112698,"0","0","1","0","0","0",31.48
"298","FR",2020-07-23,0.57422712640424,"0","0","1","0","0","0",31.48
"299","FR",2020-07-24,-0.303347695460684,"0","0","1","0","0","0",31.48
"300","FR",2020-07-25,-2.91614370860853,"0","0","1","0","0","0",31.48
"301","FR",2020-07-26,-3.6292803783272,"0","0","1","0","0","0",31.48
"302","FR",2020-07-27,-0.422902117189453,"0","0","1","0","0","0",31.48
"303","FR",2020-07-28,0.752005858380988,"0","0","1","0","0","0",31.48
"304","FR",2020-07-29,1.80849997148465,"0","0","1","0","0","0",31.48
"305","FR",2020-07-30,0.936616526744808,"0","0","1","0","0","0",31.48
"306","FR",2020-07-31,-0.267493609307237,"0","0","1","0","0","0",31.48
"307","DE",2020-03-01,-1.33837029721231,"0","0","0","0","0","0",25
"308","DE",2020-03-02,0.807353664038448,"0","0","0","0","0","0",25
"309","DE",2020-03-03,-0.902679257849206,"0","0","0","0","0","0",25
"310","DE",2020-03-04,-1.51695653765663,"0","0","0","0","0","0",25
"311","DE",2020-03-05,0.410417238239669,"0","0","0","0","0","0",25
"312","DE",2020-03-06,1.43486347084449,"0","0","0","0","0","0",25
"313","DE",2020-03-07,-0.237247958744093,"0","0","0","0","0","0",25
"314","DE",2020-03-08,0.893777871990721,"0","0","0","0","0","0",25
"315","DE",2020-03-09,0.489054046897789,"0","0","0","0","0","0",28.7
"316","DE",2020-03-10,4.30232293094358,"0","0","0","0","0","0",32.87
"317","DE",2020-03-11,0.547605952249762,"0","0","0","0","0","0",32.87
"318","DE",2020-03-12,1.56960577254033,"0","0","0","0","0","0",32.87
"319","DE",2020-03-13,1.6156573961207,"0","0","0","0","0","0",32.87
"320","DE",2020-03-14,-1.15909039564618,"0","0","0","0","0","0",32.87
"321","DE",2020-03-15,-0.180345486712165,"0","0","0","0","0","0",32.87
"322","DE",2020-03-16,-2.41757663783946,"0","0","0","0","0","0",42.13
"323","DE",2020-03-17,-3.33285894867795,"0","0","0","0","0","0",42.13
"324","DE",2020-03-18,-4.40277377369787,"1","0","0","0","0","1",52.31
"325","DE",2020-03-19,-6.26260888979418,"1","0","0","0","0","1",55.09
"326","DE",2020-03-20,-6.39868529238621,"1","0","1","0","0","1",57.87
"327","DE",2020-03-21,-2.92747107631964,"1","0","1","0","0","1",68.06
"328","DE",2020-03-22,-2.00064656218065,"1","0","1","0","0","1",76.85
"329","DE",2020-03-23,-6.37533300226058,"1","0","1","0","0","1",76.85
"330","DE",2020-03-24,-7.85593656087473,"1","0","1","0","0","1",76.85
"331","DE",2020-03-25,-8.10578675274308,"1","0","1","0","0","1",76.85
"332","DE",2020-03-26,-8.33692405105389,"1","0","1","0","0","1",76.85
"333","DE",2020-03-27,-8.31888190060057,"1","0","1","0","0","1",76.85
"334","DE",2020-03-28,-5.81787460040262,"1","0","1","0","0","1",76.85
"335","DE",2020-03-29,-3.47658454276795,"1","0","1","0","0","1",76.85
"336","DE",2020-03-30,-4.90904222191916,"1","0","1","0","0","1",76.85
"337","DE",2020-03-31,-7.19694126126629,"1","0","1","0","0","1",76.85
"338","DE",2020-04-01,-5.97218554346444,"1","0","1","0","0","1",76.85
"339","DE",2020-04-02,-5.19503042383271,"1","0","1","0","0","1",76.85
"340","DE",2020-04-03,-4.46422476124593,"1","0","1","0","0","1",76.85
"341","DE",2020-04-04,-4.36703420772744,"1","0","1","0","0","1",76.85
"342","DE",2020-04-05,-1.44613895546963,"1","0","1","0","0","1",76.85
"343","DE",2020-04-06,-7.79674469609607,"1","0","1","0","0","1",76.85
"344","DE",2020-04-07,-9.40926509380375,"1","0","1","0","0","1",76.85
"345","DE",2020-04-08,-11.5161744406001,"1","0","1","0","0","1",76.85
"346","DE",2020-04-09,-13.8155515229211,"1","0","1","0","0","1",76.85
"347","DE",2020-04-10,-16.6018727136908,"1","0","1","0","0","1",76.85
"348","DE",2020-04-11,-12.8626141592316,"1","0","1","0","0","1",76.85
"349","DE",2020-04-12,5.95876609800139,"1","0","1","0","0","1",76.85
"350","DE",2020-04-13,-17.6913955804235,"1","0","1","0","0","1",76.85
"351","DE",2020-04-14,-16.2929372898937,"1","0","1","0","0","1",76.85
"352","DE",2020-04-15,-12.088276796908,"1","0","1","0","0","1",76.85
"353","DE",2020-04-16,-11.1360431711862,"1","0","1","0","0","1",76.85
"354","DE",2020-04-17,-9.75228759687028,"1","0","1","0","0","1",76.85
"355","DE",2020-04-18,-8.42753083130692,"1","0","1","0","0","1",76.85
"356","DE",2020-04-19,-5.55304603551373,"1","0","1","0","0","1",76.85
"357","DE",2020-04-20,-7.48467343215399,"1","0","1","0","0","1",76.85
"358","DE",2020-04-21,-6.96370214344363,"1","0","1","0","0","1",76.85
"359","DE",2020-04-22,-8.74241725744534,"1","0","1","0","0","1",76.85
"360","DE",2020-04-23,-8.27948262720609,"1","0","1","0","0","1",76.85
"361","DE",2020-04-24,-9.98758765427776,"1","0","1","0","0","1",76.85
"362","DE",2020-04-25,-7.17916672823235,"1","0","1","0","0","1",76.85
"363","DE",2020-04-26,-4.45800200683013,"1","0","1","0","0","1",76.85
"364","DE",2020-04-27,-8.19053664572333,"1","0","1","0","0","1",76.85
"365","DE",2020-04-28,-8.34608819889252,"1","0","1","0","0","1",76.85
"366","DE",2020-04-29,-7.96552613597844,"1","0","1","0","0","1",76.85
"367","DE",2020-04-30,-10.1911856998883,"1","0","1","0","0","1",76.85
"368","DE",2020-05-01,-17.2969481007629,"1","0","1","0","0","1",76.85
"369","DE",2020-05-02,-11.110336430033,"1","0","1","0","0","1",76.85
"370","DE",2020-05-03,-7.30698321284543,"1","0","1","0","0","1",75.46
"371","DE",2020-05-04,-6.40095382223694,"0","0","1","0","0","1",71.76
"372","DE",2020-05-05,-6.15838092903128,"0","0","1","0","0","1",71.76
"373","DE",2020-05-06,-8.73954905743857,"0","0","1","0","0","1",66.2
"374","DE",2020-05-07,-8.61734314138838,"0","0","1","0","0","1",64.35
"375","DE",2020-05-08,-10.7738011724396,"0","0","1","0","0","1",64.35
"376","DE",2020-05-09,-7.09688859911737,"0","0","1","0","0","1",64.35
"377","DE",2020-05-10,-5.83612443873737,"0","0","1","0","0","1",64.35
"378","DE",2020-05-11,-1.32846401393165,"0","0","1","0","0","1",64.35
"379","DE",2020-05-12,-5.58762743981127,"0","0","1","0","0","1",64.35
"380","DE",2020-05-13,-5.22880108959079,"0","0","1","0","0","1",64.35
"381","DE",2020-05-14,-6.34221646161459,"0","0","1","0","0","1",64.35
"382","DE",2020-05-15,-5.75216110844621,"0","0","1","0","0","1",64.35
"383","DE",2020-05-16,-4.35315134695568,"0","0","1","0","0","0",61.57
"384","DE",2020-05-17,-3.37605437050326,"0","0","1","0","0","0",61.57
"385","DE",2020-05-18,-5.45952186055092,"0","0","1","0","0","0",61.57
"386","DE",2020-05-19,-6.64851270560447,"0","0","1","0","0","0",59.72
"387","DE",2020-05-20,-10.2911452347414,"0","0","1","0","0","0",59.72
"388","DE",2020-05-21,-18.7482615629383,"0","0","1","0","0","0",59.72
"389","DE",2020-05-22,-20.3848133725544,"0","0","1","0","0","0",59.72
"390","DE",2020-05-23,-7.0241810486306,"0","0","1","0","0","0",59.72
"391","DE",2020-05-24,-3.43818676965176,"0","0","1","0","0","0",59.72
"392","DE",2020-05-25,-4.34129177017164,"0","0","1","0","0","0",59.72
"393","DE",2020-05-26,-7.39740226676264,"0","0","1","0","0","0",59.72
"394","DE",2020-05-27,-8.09272062668848,"0","0","1","0","0","0",59.72
"395","DE",2020-05-28,-7.22269830254771,"0","0","1","0","0","0",59.72
"396","DE",2020-05-29,-9.10392132840245,"0","0","1","0","0","0",59.72
"397","DE",2020-05-30,-9.14484455549312,"0","0","1","0","0","0",59.72
"398","DE",2020-05-31,-10.3513856814712,"0","0","1","0","0","0",59.72
"399","DE",2020-06-01,-19.6108542239924,"0","0","1","0","0","0",59.72
"400","DE",2020-06-02,-11.7635499722345,"0","0","1","0","0","0",59.72
"401","DE",2020-06-03,-8.25253154341197,"0","0","1","0","0","0",59.72
"402","DE",2020-06-04,-6.58906936969424,"0","0","1","0","0","0",59.72
"403","DE",2020-06-05,-5.99432258769677,"0","0","1","0","0","0",59.72
"404","DE",2020-06-06,-3.20912888418706,"0","0","1","0","0","0",59.72
"405","DE",2020-06-07,-3.69064983288869,"0","0","1","0","0","0",59.72
"406","DE",2020-06-08,-8.35271390452589,"0","0","1","0","0","0",59.72
"407","DE",2020-06-09,-8.79334035952563,"0","0","1","0","0","0",59.72
"408","DE",2020-06-10,-10.3685735301942,"0","0","1","0","0","0",59.72
"409","DE",2020-06-11,-9.60261382990782,"0","0","1","0","0","0",59.72
"410","DE",2020-06-12,-17.4891289409653,"0","0","1","0","0","0",59.72
"411","DE",2020-06-13,-7.75628365551476,"0","0","1","0","0","0",59.72
"412","DE",2020-06-14,-3.88358119890562,"0","0","1","0","0","0",59.72
"413","DE",2020-06-15,-8.99672591492334,"0","0","1","0","0","0",59.72
"414","DE",2020-06-16,-9.63835801122636,"0","0","1","0","0","0",59.72
"415","DE",2020-06-17,-9.20825705172391,"0","0","1","0","0","0",59.72
"416","DE",2020-06-18,-8.46693186530791,"0","0","1","0","0","0",63.43
"417","DE",2020-06-19,-12.0293321509444,"0","0","1","0","0","0",63.43
"418","DE",2020-06-20,-10.4929734782022,"0","0","1","0","0","0",63.43
"419","DE",2020-06-21,-9.52602701136902,"0","0","1","0","0","0",63.43
"420","DE",2020-06-22,-9.98632150303858,"0","0","1","0","0","0",63.43
"421","DE",2020-06-23,-9.68995042278716,"0","0","1","0","0","0",63.43
"422","DE",2020-06-24,-10.4606157331967,"0","0","1","0","0","0",63.43
"423","DE",2020-06-25,-11.0785091178544,"0","0","1","0","0","0",63.43
"424","DE",2020-06-26,-10.9511835317384,"0","0","1","0","0","0",63.43
"425","DE",2020-06-27,-8.96858378510022,"0","0","1","0","0","0",63.43
"426","DE",2020-06-28,-8.42449328445492,"0","0","1","0","0","0",63.43
"427","DE",2020-06-29,-9.19407017991007,"0","0","1","0","0","0",63.43
"428","DE",2020-06-30,-8.30574521383698,"0","0","1","0","0","0",63.43
"429","DE",2020-07-01,-8.35087537477064,"0","0","1","0","0","0",63.43
"430","DE",2020-07-02,-8.97320771656275,"0","0","1","0","0","0",63.43
"431","DE",2020-07-03,-10.4660598228538,"0","0","1","0","0","0",63.43
"432","DE",2020-07-04,-7.20118323139948,"0","0","1","0","0","0",63.43
"433","DE",2020-07-05,-3.90609427282342,"0","0","1","0","0","0",63.43
"434","DE",2020-07-06,-4.0027771722163,"0","0","1","0","0","0",63.43
"435","DE",2020-07-07,-7.24915989018062,"0","0","1","0","0","0",55.09
"436","DE",2020-07-08,-6.91348127321025,"0","0","1","0","0","0",55.09
"437","DE",2020-07-09,-4.47355004256722,"0","0","1","0","0","0",55.09
"438","DE",2020-07-10,-6.63060212662954,"0","0","1","0","0","0",55.09
"439","DE",2020-07-11,-9.63944897138219,"0","0","1","0","0","0",55.09
"440","DE",2020-07-12,-9.00378156870917,"0","0","1","0","0","0",55.09
"441","DE",2020-07-13,-8.13050930441493,"0","0","1","0","0","0",55.09
"442","DE",2020-07-14,-5.84006870137918,"0","0","1","0","0","0",55.09
"443","DE",2020-07-15,-5.17013560126927,"0","0","1","0","0","0",55.09
"444","DE",2020-07-16,-4.93358629661679,"0","0","1","0","0","0",55.09
"445","DE",2020-07-17,-6.46434996527109,"0","0","1","0","0","0",55.09
"446","DE",2020-07-18,-8.14665542451385,"0","0","1","0","0","0",55.09
"447","DE",2020-07-19,-6.55383886872757,"0","0","1","0","0","0",55.09
"448","DE",2020-07-20,-6.07478398990104,"0","0","1","0","0","0",55.09
"449","DE",2020-07-21,-8.54798935402473,"0","0","1","0","0","0",55.09
"450","DE",2020-07-22,-8.37267509101524,"0","0","1","0","0","0",55.09
"451","DE",2020-07-23,-8.69353791467914,"0","0","1","0","0","0",55.09
"452","DE",2020-07-24,-9.50963892929347,"0","0","1","0","0","0",55.09
"453","DE",2020-07-25,-9.32606037586984,"0","0","1","0","0","0",55.09
"454","DE",2020-07-26,-6.09544802270155,"0","0","1","0","0","0",55.09
"455","DE",2020-07-27,-8.856587746559,"0","0","1","0","0","0",55.09
"456","DE",2020-07-28,-5.37228909072016,"0","0","1","0","0","0",55.09
"457","DE",2020-07-29,-8.34533036318647,"0","0","1","0","0","0",55.09
"458","DE",2020-07-30,-11.0589919859811,"0","0","1","0","0","0",55.09
"459","DE",2020-07-31,-10.361134834911,"0","0","1","0","0","0",57.87
"460","IT",2020-03-01,0.611758600991535,"0","0","0","0","0","0",69.91
"461","IT",2020-03-02,3.8235898220545,"0","0","0","0","0","0",69.91
"462","IT",2020-03-03,1.85593357751933,"0","0","0","0","0","0",69.91
"463","IT",2020-03-04,0.0465662527014367,"1","0","1","0","0","0",74.54
"464","IT",2020-03-05,0.184763163201768,"1","0","1","0","0","0",74.54
"465","IT",2020-03-06,0.890877457486298,"1","0","1","0","0","0",74.54
"466","IT",2020-03-07,0.133418084031107,"1","0","1","0","0","0",74.54
"467","IT",2020-03-08,0.363488686804434,"1","0","1","0","0","0",74.54
"468","IT",2020-03-09,0.419004282054552,"1","0","1","0","0","0",74.54
"469","IT",2020-03-10,-0.748242429044018,"1","1","1","0","1","0",82.41
"470","IT",2020-03-11,-3.37237693773509,"1","1","1","0","1","0",85.19
"471","IT",2020-03-12,-7.19663901513835,"1","1","1","0","1","0",85.19
"472","IT",2020-03-13,-11.715699821141,"1","1","1","0","1","0",85.19
"473","IT",2020-03-14,-12.4825988311955,"1","1","1","0","1","0",85.19
"474","IT",2020-03-15,-9.69737538889135,"1","1","1","0","1","0",85.19
"475","IT",2020-03-16,-15.1991536860199,"1","1","1","0","1","0",85.19
"476","IT",2020-03-17,-18.7523285549634,"1","1","1","0","1","0",85.19
"477","IT",2020-03-18,-20.7116177817861,"1","1","1","0","1","0",85.19
"478","IT",2020-03-19,-23.312679743005,"1","1","1","0","1","0",85.19
"479","IT",2020-03-20,-24.2539102342603,"1","1","1","0","1","0",91.67
"480","IT",2020-03-21,-23.1424959283532,"1","1","1","0","1","0",91.67
"481","IT",2020-03-22,-17.7460065516872,"1","1","1","0","1","0",91.67
"482","IT",2020-03-23,-28.3399865269195,"1","1","1","0","1","0",91.67
"483","IT",2020-03-24,-31.0849288803726,"1","1","1","0","1","0",91.67
"484","IT",2020-03-25,-32.8127468826368,"1","1","1","0","1","0",91.67
"485","IT",2020-03-26,-34.1566707357374,"1","1","1","0","1","0",91.67
"486","IT",2020-03-27,-34.6335502990188,"1","1","1","0","1","0",91.67
"487","IT",2020-03-28,-25.1518438178972,"1","1","1","0","1","0",91.67
"488","IT",2020-03-29,-21.0725174789598,"1","1","1","0","1","0",91.67
"489","IT",2020-03-30,-28.429760654269,"1","1","1","0","1","0",91.67
"490","IT",2020-03-31,-34.711916519483,"1","1","1","0","1","0",91.67
"491","IT",2020-04-01,-30.126058933874,"1","1","1","0","1","0",91.67
"492","IT",2020-04-02,-32.5990439194792,"1","1","1","0","1","0",91.67
"493","IT",2020-04-03,-32.6310912903833,"1","1","1","0","1","0",91.67
"494","IT",2020-04-04,-22.9517990384393,"1","1","1","0","1","0",91.67
"495","IT",2020-04-05,-16.2518029291488,"1","1","1","0","1","0",91.67
"496","IT",2020-04-06,-28.5622350872845,"1","1","1","0","1","0",91.67
"497","IT",2020-04-07,-33.053941461317,"1","1","1","0","1","0",91.67
"498","IT",2020-04-08,-34.0531795822457,"1","1","1","0","1","0",91.67
"499","IT",2020-04-09,-34.3734346610183,"1","1","1","0","1","0",91.67
"500","IT",2020-04-10,-19.6435157607177,"1","1","1","0","1","0",87.96
"501","IT",2020-04-11,-32.6542505517848,"1","1","1","0","1","0",87.96
"502","IT",2020-04-12,-3.92121568583038,"1","1","1","1","1","0",93.52
"503","IT",2020-04-13,-42.7444685793717,"1","1","1","1","1","0",93.52
"504","IT",2020-04-14,-35.0832651376067,"1","1","1","1","1","0",93.52
"505","IT",2020-04-15,-29.7400423374152,"1","1","1","1","1","0",93.52
"506","IT",2020-04-16,-27.2421273168791,"1","1","1","1","1","0",93.52
"507","IT",2020-04-17,-26.4218611028971,"1","1","1","1","1","0",93.52
"508","IT",2020-04-18,-18.9553663664428,"1","1","1","1","1","0",93.52
"509","IT",2020-04-19,-12.4653835161216,"1","1","1","1","1","0",93.52
"510","IT",2020-04-20,-11.5961715748924,"1","1","1","1","1","0",93.52
"511","IT",2020-04-21,-13.3509381192324,"1","1","1","1","1","0",93.52
"512","IT",2020-04-22,-15.0220767962482,"1","1","1","1","1","0",93.52
"513","IT",2020-04-23,-16.9128818004757,"1","1","1","1","1","0",93.52
"514","IT",2020-04-24,-19.4630226840001,"1","1","1","1","1","0",93.52
"515","IT",2020-04-25,-0.627875963363252,"1","1","1","1","1","0",93.52
"516","IT",2020-04-26,-8.8558491003055,"1","1","1","1","1","0",93.52
"517","IT",2020-04-27,-16.5688342816664,"1","1","1","1","1","0",93.52
"518","IT",2020-04-28,-13.2912541643032,"1","1","1","1","1","0",93.52
"519","IT",2020-04-29,-16.4212256188371,"1","1","1","1","1","0",93.52
"520","IT",2020-04-30,-20.8938309516279,"1","1","1","1","1","0",93.52
"521","IT",2020-05-01,-36.0286388758266,"1","1","1","1","1","0",93.52
"522","IT",2020-05-02,-26.1960779309144,"1","1","1","1","1","0",93.52
"523","IT",2020-05-03,-16.755689257333,"1","1","1","1","1","0",93.52
"524","IT",2020-05-04,-15.4820335990808,"1","0","1","0","0","0",62.96
"525","IT",2020-05-05,-15.1054267648563,"1","0","1","0","0","0",62.96
"526","IT",2020-05-06,-13.9972027632013,"1","0","1","0","0","0",62.96
"527","IT",2020-05-07,-14.9733948443059,"1","0","1","0","0","0",62.96
"528","IT",2020-05-08,-15.9024484293337,"1","0","1","0","0","0",62.96
"529","IT",2020-05-09,-16.350482357267,"1","0","1","0","0","0",62.96
"530","IT",2020-05-10,-12.6888605159037,"1","0","1","0","0","0",62.96
"531","IT",2020-05-11,-11.7577815894579,"1","0","1","0","0","0",62.96
"532","IT",2020-05-12,-13.3964008227079,"1","0","1","0","0","0",62.96
"533","IT",2020-05-13,-11.1013416868198,"1","0","1","0","0","0",62.96
"534","IT",2020-05-14,-13.3263952389642,"1","0","1","0","0","0",62.96
"535","IT",2020-05-15,-11.1472412023665,"1","0","1","0","0","0",62.96
"536","IT",2020-05-16,-11.196958363299,"1","0","1","0","0","0",66.67
"537","IT",2020-05-17,-12.813816943102,"1","0","1","0","0","0",66.67
"538","IT",2020-05-18,-10.865545128207,"1","0","1","0","1","0",63.89
"539","IT",2020-05-19,-5.37558005036179,"1","0","1","0","1","0",63.89
"540","IT",2020-05-20,-7.45291350409157,"1","0","1","0","1","0",63.89
"541","IT",2020-05-21,-10.2025024909896,"1","0","1","0","1","0",63.89
"542","IT",2020-05-22,-10.5556573891167,"1","0","1","0","1","0",63.89
"543","IT",2020-05-23,-11.7540628399032,"1","0","1","0","1","0",63.89
"544","IT",2020-05-24,-8.55302203155581,"1","0","1","0","1","0",63.89
"545","IT",2020-05-25,-8.26500147713598,"1","0","1","0","1","0",63.89
"546","IT",2020-05-26,-6.28662454133369,"1","0","1","0","1","0",63.89
"547","IT",2020-05-27,-5.40156544949243,"1","0","1","0","1","0",63.89
"548","IT",2020-05-28,-6.10277440641855,"1","0","1","0","1","0",63.89
"549","IT",2020-05-29,-6.55497554395239,"1","0","1","0","1","0",63.89
"550","IT",2020-05-30,-7.40173916698623,"1","0","1","0","1","0",63.89
"551","IT",2020-05-31,-3.15644392554031,"1","0","1","0","1","0",63.89
"552","IT",2020-06-01,-26.5699101662649,"1","0","1","0","1","0",63.89
"553","IT",2020-06-02,-26.5306950955993,"1","0","1","0","0","0",52.78
"554","IT",2020-06-03,-11.9160924561866,"1","0","1","0","0","0",44.44
"555","IT",2020-06-04,-2.38078960547425,"1","0","1","0","0","0",44.44
"556","IT",2020-06-05,-5.44073789573631,"1","0","1","0","0","0",44.44
"557","IT",2020-06-06,-9.85042201745109,"1","0","1","0","0","0",44.44
"558","IT",2020-06-07,-6.1864568358097,"1","0","1","0","0","0",44.44
"559","IT",2020-06-08,-4.02875858946813,"1","0","1","0","0","0",44.44
"560","IT",2020-06-09,-5.26281371176761,"1","0","1","0","0","0",44.44
"561","IT",2020-06-10,-6.7169714491949,"1","0","1","0","0","0",44.44
"562","IT",2020-06-11,-8.06246309213948,"1","0","1","0","0","0",50
"563","IT",2020-06-12,-13.6321500498499,"1","0","1","0","0","0",50
"564","IT",2020-06-13,-17.2664702951462,"1","0","1","0","0","0",50
"565","IT",2020-06-14,-14.8287752124362,"1","0","1","0","0","0",50
"566","IT",2020-06-15,-9.23040141190482,"1","0","1","0","0","0",55.56
"567","IT",2020-06-16,-10.3861721728248,"1","0","1","0","0","0",55.56
"568","IT",2020-06-17,-8.89500971071333,"1","0","1","0","0","0",55.56
"569","IT",2020-06-18,-10.728223006312,"1","0","1","0","0","0",55.56
"570","IT",2020-06-19,-12.1271331223715,"1","0","1","0","0","0",55.56
"571","IT",2020-06-20,-15.2047089146159,"1","0","1","0","0","0",55.56
"572","IT",2020-06-21,-14.301623246179,"1","0","1","0","0","0",55.56
"573","IT",2020-06-22,-11.4985010885404,"1","0","1","0","0","0",55.56
"574","IT",2020-06-23,-10.7197614917395,"1","0","1","0","0","0",55.56
"575","IT",2020-06-24,-8.95592182200972,"1","0","1","0","0","0",55.56
"576","IT",2020-06-25,-5.43322425038507,"1","0","1","0","0","0",55.56
"577","IT",2020-06-26,-8.22493419900294,"1","0","1","0","0","0",55.56
"578","IT",2020-06-27,-9.20709539427053,"1","0","1","0","0","0",55.56
"579","IT",2020-06-28,-9.85828126320195,"1","0","1","0","0","0",55.56
"580","IT",2020-06-29,-6.90456205730228,"1","0","1","0","0","0",55.56
"581","IT",2020-06-30,-3.16696998364859,"1","0","1","0","0","0",55.56
"582","IT",2020-07-01,0.664146459117071,"1","0","1","0","0","0",55.56
"583","IT",2020-07-02,-1.67887022149831,"1","0","1","0","0","0",55.56
"584","IT",2020-07-03,-3.22248403953177,"1","0","1","0","0","0",55.56
"585","IT",2020-07-04,-8.46782790168106,"1","0","1","0","0","0",55.56
"586","IT",2020-07-05,-11.3260932646514,"1","0","1","0","0","0",55.56
"587","IT",2020-07-06,-4.36833262694962,"1","0","1","0","0","0",55.56
"588","IT",2020-07-07,-3.3938352461702,"1","0","1","0","0","0",55.56
"589","IT",2020-07-08,-6.13603645063137,"1","0","1","0","0","0",55.56
"590","IT",2020-07-09,-5.00023150354224,"1","0","1","0","0","0",58.33
"591","IT",2020-07-10,-4.84096834483585,"1","0","1","0","0","0",58.33
"592","IT",2020-07-11,-5.89379328961584,"1","0","1","0","0","0",58.33
"593","IT",2020-07-12,-8.97098708361777,"1","0","1","0","0","0",58.33
"594","IT",2020-07-13,-5.57758211638024,"1","0","1","0","0","0",58.33
"595","IT",2020-07-14,-5.72091207265619,"1","0","1","0","0","0",58.33
"596","IT",2020-07-15,-4.88026948197282,"1","0","1","0","0","0",58.33
"597","IT",2020-07-16,-5.29341595914392,"1","0","1","0","0","0",58.33
"598","IT",2020-07-17,-4.67117348663028,"1","0","1","0","0","0",58.33
"599","IT",2020-07-18,-8.31563452608315,"1","0","1","0","0","0",58.33
"600","IT",2020-07-19,-14.0439378244539,"1","0","1","0","0","0",58.33
"601","IT",2020-07-20,-6.21392633878727,"1","0","1","0","0","0",58.33
"602","IT",2020-07-21,-3.51418108698627,"1","0","1","0","0","0",58.33
"603","IT",2020-07-22,-2.7393567974926,"1","0","1","0","0","0",58.33
"604","IT",2020-07-23,-2.27784604462571,"1","0","1","0","0","0",58.33
"605","IT",2020-07-24,-1.93459405905141,"1","0","1","0","0","0",58.33
"606","IT",2020-07-25,-8.05658048219089,"1","0","1","0","0","0",58.33
"607","IT",2020-07-26,-10.960795358108,"1","0","1","0","0","0",58.33
"608","IT",2020-07-27,-3.94218487416359,"1","0","1","0","0","0",48.15
"609","IT",2020-07-28,-1.74786005939197,"1","0","1","0","0","0",48.15
"610","IT",2020-07-29,0.0818204843685175,"1","0","1","0","0","0",48.15
"611","IT",2020-07-30,2.53034770959978,"1","0","1","0","0","0",48.15
"612","IT",2020-07-31,2.18640619507885,"1","0","1","0","0","0",48.15
"613","ES",2020-03-01,-0.158688925464074,"0","0","0","0","0","0",11.11
"614","ES",2020-03-02,-0.433496636399939,"0","0","0","0","0","0",11.11
"615","ES",2020-03-03,1.62890752390558,"0","0","0","0","0","0",11.11
"616","ES",2020-03-04,0.587749256868376,"0","0","0","0","0","0",11.11
"617","ES",2020-03-05,0.247015450069685,"0","0","0","0","0","0",11.11
"618","ES",2020-03-06,0.156741039907473,"0","0","0","0","0","0",11.11
"619","ES",2020-03-07,1.65315544344364,"0","0","0","0","0","0",11.11
"620","ES",2020-03-08,1.47698276001637,"0","0","0","0","0","0",11.11
"621","ES",2020-03-09,1.68791254636719,"0","0","0","0","0","0",25
"622","ES",2020-03-10,0.684187750422571,"0","0","1","0","0","0",45.83
"623","ES",2020-03-11,-4.0632018306123,"0","0","1","0","0","0",45.83
"624","ES",2020-03-12,0.209139432697136,"0","0","1","0","0","0",45.83
"625","ES",2020-03-13,-0.547181783568003,"0","0","1","0","0","0",45.83
"626","ES",2020-03-14,-3.01181052994369,"0","0","1","0","0","0",67.13
"627","ES",2020-03-15,-3.30817693024486,"0","0","1","0","0","0",67.13
"628","ES",2020-03-16,-5.56960223669179,"1","0","1","0","0","0",68.98
"629","ES",2020-03-17,-5.53321955857365,"1","0","1","0","0","1",71.76
"630","ES",2020-03-18,-9.55301761527545,"1","0","1","0","0","1",71.76
"631","ES",2020-03-19,-16.99034485357,"1","0","1","0","0","1",71.76
"632","ES",2020-03-20,-14.3377496444313,"1","0","1","0","0","1",71.76
"633","ES",2020-03-21,-8.53390504192696,"1","0","1","0","0","1",71.76
"634","ES",2020-03-22,-6.27112257357026,"1","0","1","0","0","1",71.76
"635","ES",2020-03-23,-11.2140774454815,"1","0","1","0","0","1",71.76
"636","ES",2020-03-24,-11.1661031865517,"1","0","1","0","0","1",71.76
"637","ES",2020-03-25,-11.0948321888097,"1","0","1","0","0","1",71.76
"638","ES",2020-03-26,-11.1508046959461,"1","0","1","0","0","1",71.76
"639","ES",2020-03-27,-8.07854649374262,"1","0","1","0","0","1",71.76
"640","ES",2020-03-28,-6.04589971961498,"1","0","1","0","0","1",71.76
"641","ES",2020-03-29,-10.4337798578987,"1","0","1","0","0","1",71.76
"642","ES",2020-03-30,-16.3999286847426,"1","1","1","0","0","1",85.19
"643","ES",2020-03-31,-19.7177541658442,"1","1","1","0","0","1",85.19
"644","ES",2020-04-01,-23.8879262080305,"1","1","1","0","0","1",85.19
"645","ES",2020-04-02,-20.1876989022867,"1","1","1","0","0","1",85.19
"646","ES",2020-04-03,-21.4117100325652,"1","1","1","0","0","1",85.19
"647","ES",2020-04-04,-17.9378321794856,"1","1","1","0","0","1",85.19
"648","ES",2020-04-05,-15.4992748501854,"1","1","1","0","0","1",85.19
"649","ES",2020-04-06,-23.8753645698702,"1","1","1","0","0","1",85.19
"650","ES",2020-04-07,-27.0466535813982,"1","1","1","0","0","1",85.19
"651","ES",2020-04-08,-29.4902390794371,"1","1","1","0","0","1",85.19
"652","ES",2020-04-09,-34.8808003101216,"1","1","1","0","0","1",85.19
"653","ES",2020-04-10,-23.2387607619322,"1","1","1","0","0","1",85.19
"654","ES",2020-04-11,-22.9110698972126,"1","1","1","0","0","1",85.19
"655","ES",2020-04-12,-4.69607251625632,"1","1","1","0","0","1",85.19
"656","ES",2020-04-13,-13.1573369568962,"1","1","1","0","0","1",85.19
"657","ES",2020-04-14,-19.1000277416926,"1","1","1","0","0","1",85.19
"658","ES",2020-04-15,-16.1768973825858,"1","1","1","0","0","1",85.19
"659","ES",2020-04-16,-15.4151136648158,"1","1","1","0","0","1",85.19
"660","ES",2020-04-17,-15.0475001269311,"1","1","1","0","0","1",85.19
"661","ES",2020-04-18,-12.257043061518,"1","1","1","0","0","1",85.19
"662","ES",2020-04-19,-11.2717248724973,"1","1","1","0","0","1",85.19
"663","ES",2020-04-20,-16.4630290890921,"1","1","1","0","0","1",85.19
"664","ES",2020-04-21,-15.6993632840394,"1","1","1","0","0","1",85.19
"665","ES",2020-04-22,-14.4378269626271,"1","1","1","0","0","1",85.19
"666","ES",2020-04-23,-14.2680806928822,"1","1","1","0","0","1",85.19
"667","ES",2020-04-24,-14.1655292341752,"1","1","1","0","0","1",85.19
"668","ES",2020-04-25,-10.3053436631807,"1","1","1","0","0","1",85.19
"669","ES",2020-04-26,-9.46190772606779,"1","1","1","0","0","1",85.19
"670","ES",2020-04-27,-13.5001047751387,"1","1","1","0","0","1",85.19
"671","ES",2020-04-28,-12.6652338270183,"1","1","1","0","0","1",85.19
"672","ES",2020-04-29,-12.4191258086075,"1","1","1","0","0","1",85.19
"673","ES",2020-04-30,-14.3511269146063,"1","1","1","0","0","1",85.19
"674","ES",2020-05-01,-14.4315599308694,"1","1","1","0","0","1",85.19
"675","ES",2020-05-02,-15.4760869319408,"1","1","1","0","0","1",85.19
"676","ES",2020-05-03,-11.2522081602663,"1","1","1","0","0","1",85.19
"677","ES",2020-05-04,-16.0095521923891,"1","0","1","0","0","1",81.94
"678","ES",2020-05-05,-13.2497042751925,"1","0","1","0","0","1",81.94
"679","ES",2020-05-06,-13.3975907267963,"1","0","1","0","0","1",81.94
"680","ES",2020-05-07,-15.1609053258133,"1","0","1","0","0","1",81.94
"681","ES",2020-05-08,-15.671950956523,"1","0","1","0","0","1",81.94
"682","ES",2020-05-09,-14.6474452875674,"1","0","1","0","0","1",81.94
"683","ES",2020-05-10,-14.4359668764693,"1","0","1","0","0","1",81.94
"684","ES",2020-05-11,-16.2677528846067,"1","0","1","0","0","1",81.94
"685","ES",2020-05-12,-12.8268717236156,"1","0","1","0","0","1",81.94
"686","ES",2020-05-13,-13.9075312972251,"1","0","1","0","0","1",83.33
"687","ES",2020-05-14,-13.7002819009809,"1","0","1","0","0","1",83.33
"688","ES",2020-05-15,-14.330959605243,"1","0","1","0","0","1",83.33
"689","ES",2020-05-16,-12.5313872694027,"1","0","1","0","0","1",83.33
"690","ES",2020-05-17,-11.1143521157816,"1","0","0","0","0","1",79.17
"691","ES",2020-05-18,-13.956260112973,"1","0","0","0","0","1",79.17
"692","ES",2020-05-19,-19.50435076631,"1","0","0","0","0","1",79.17
"693","ES",2020-05-20,-11.9401395949217,"1","0","0","0","0","1",79.17
"694","ES",2020-05-21,-11.9537393382231,"1","0","0","0","0","1",79.17
"695","ES",2020-05-22,-9.80747454152943,"1","0","0","0","0","1",75.46
"696","ES",2020-05-23,-8.38455232279691,"1","0","0","0","0","1",75.46
"697","ES",2020-05-24,-6.89761501749718,"1","0","0","0","0","1",75.46
"698","ES",2020-05-25,-9.01643269294645,"1","0","0","0","0","1",75.46
"699","ES",2020-05-26,-9.2080003263318,"0","0","0","0","0","1",71.76
"700","ES",2020-05-27,-9.7888989012959,"0","0","0","0","0","1",68.06
"701","ES",2020-05-28,-10.7394213612801,"0","0","0","0","0","1",68.06
"702","ES",2020-05-29,-9.63872576314743,"0","0","0","0","0","1",68.06
"703","ES",2020-05-30,-8.92614324738704,"0","0","0","0","0","1",68.06
"704","ES",2020-05-31,-7.91581783266298,"0","0","0","0","0","1",68.06
"705","ES",2020-06-01,-10.2251979363361,"0","0","0","0","0","1",66.67
"706","ES",2020-06-02,-7.56793202078427,"0","0","0","0","0","1",66.67
"707","ES",2020-06-03,-6.42424774297142,"0","0","0","0","0","1",66.67
"708","ES",2020-06-04,-7.46549284782859,"0","0","0","0","0","1",66.67
"709","ES",2020-06-05,-9.35231612064411,"0","0","0","0","0","1",66.67
"710","ES",2020-06-06,-9.37882149965258,"0","0","0","0","0","1",66.67
"711","ES",2020-06-07,-10.022480184104,"0","0","0","0","0","1",66.67
"712","ES",2020-06-08,-11.756031830887,"0","0","0","0","0","1",57.41
"713","ES",2020-06-09,-11.3212125840941,"0","0","0","0","0","1",57.41
"714","ES",2020-06-10,-10.2579052455225,"0","0","0","0","0","1",57.41
"715","ES",2020-06-11,-10.409776335147,"0","0","0","0","0","1",57.41
"716","ES",2020-06-12,-10.6660340702282,"0","0","0","0","0","1",57.41
"717","ES",2020-06-13,-11.7853734340137,"0","0","0","0","0","1",57.41
"718","ES",2020-06-14,-12.4532738044092,"0","0","0","0","0","1",57.41
"719","ES",2020-06-15,-11.5123687016256,"0","0","0","0","0","1",57.41
"720","ES",2020-06-16,-10.3170328503816,"0","0","0","0","0","1",57.41
"721","ES",2020-06-17,-11.0726868622435,"0","0","0","0","0","1",57.41
"722","ES",2020-06-18,-10.8023094236562,"0","0","0","0","0","1",57.41
"723","ES",2020-06-19,-10.0710913389217,"0","0","0","0","0","1",57.41
"724","ES",2020-06-20,-8.03402026367256,"0","0","0","0","0","1",57.41
"725","ES",2020-06-21,-7.35321510846577,"0","0","0","0","0","0",39.35
"726","ES",2020-06-22,-7.30938602581175,"0","0","0","0","0","0",39.35
"727","ES",2020-06-23,-8.01821083881842,"0","0","0","0","0","0",39.35
"728","ES",2020-06-24,-13.7780964807778,"0","0","0","0","0","0",39.35
"729","ES",2020-06-25,-5.57586565122321,"0","0","0","0","0","0",39.35
"730","ES",2020-06-26,-7.82213397726957,"0","0","0","0","0","0",39.35
"731","ES",2020-06-27,-6.85711147408178,"0","0","0","0","0","0",39.35
"732","ES",2020-06-28,-4.59533338085011,"0","0","0","0","0","0",39.35
"733","ES",2020-06-29,-3.50901332561045,"0","0","0","0","0","0",39.35
"734","ES",2020-06-30,-2.04686708298406,"0","0","0","0","0","0",39.35
"735","ES",2020-07-01,-3.49228609022616,"0","0","0","0","0","0",39.35
"736","ES",2020-07-02,-1.0929675055103,"0","0","0","0","0","0",39.35
"737","ES",2020-07-03,-3.3148491656689,"0","0","0","0","0","0",39.35
"738","ES",2020-07-04,-3.2944490097346,"0","0","0","0","0","0",55.09
"739","ES",2020-07-05,-2.99200132255233,"0","0","0","0","0","0",55.09
"740","ES",2020-07-06,-0.732368093121693,"0","0","0","0","0","0",55.09
"741","ES",2020-07-07,0.0253328523473259,"0","0","0","0","0","0",55.09
"742","ES",2020-07-08,-0.186716978696509,"0","0","0","0","0","0",55.09
"743","ES",2020-07-09,-1.37261688255094,"0","0","0","0","0","0",55.09
"744","ES",2020-07-10,-3.12571426075708,"0","0","0","0","0","0",55.09
"745","ES",2020-07-11,-3.6895237598114,"0","0","0","0","0","0",55.09
"746","ES",2020-07-12,-4.27140002698754,"0","0","0","0","0","0",55.09
"747","ES",2020-07-13,-4.31667480386809,"0","0","0","0","0","0",55.09
"748","ES",2020-07-14,-5.14499254972156,"0","0","0","0","0","0",55.09
"749","ES",2020-07-15,-5.36111794508462,"0","0","0","0","0","0",64.35
"750","ES",2020-07-16,-4.43784814239935,"0","0","0","0","0","0",64.35
"751","ES",2020-07-17,-4.26711943733015,"0","0","0","0","0","0",64.35
"752","ES",2020-07-18,-3.86063335068529,"0","0","0","0","0","0",64.35
"753","ES",2020-07-19,-2.59288595871265,"0","0","0","0","0","0",64.35
"754","ES",2020-07-20,-1.3846883723725,"0","0","0","0","0","0",64.35
"755","ES",2020-07-21,-0.279973967878809,"0","0","0","0","0","0",64.35
"756","ES",2020-07-22,-2.12506030021641,"0","0","0","0","0","0",64.35
"757","ES",2020-07-23,-0.156665527473735,"0","0","0","0","0","0",64.35
"758","ES",2020-07-24,0.195496221512638,"0","0","0","0","0","0",64.35
"759","ES",2020-07-25,-0.788327634428377,"0","0","0","0","0","0",64.35
"760","ES",2020-07-26,0.859083824790789,"0","0","0","0","0","0",64.35
"761","ES",2020-07-27,1.66285688714718,"0","0","0","0","0","0",64.35
"762","ES",2020-07-28,2.88693841218102,"0","0","0","0","0","0",64.35
"763","ES",2020-07-29,0.930757721099706,"0","0","0","0","0","0",64.35
"764","ES",2020-07-30,0.523736918627181,"0","0","0","0","0","0",64.35
"765","ES",2020-07-31,1.29915657711475,"0","0","0","0","0","0",64.35
"766","GB",2020-03-01,-2.07666104372358,"0","0","0","0","0","0",11.11
"767","GB",2020-03-02,2.49621076587128,"0","0","0","0","0","0",11.11
"768","GB",2020-03-03,0.680617378246062,"0","0","0","0","0","0",11.11
"769","GB",2020-03-04,2.19950839960688,"0","0","0","0","0","0",11.11
"770","GB",2020-03-05,2.27102254812627,"0","0","0","0","0","0",11.11
"771","GB",2020-03-06,4.71186297507754,"0","0","0","0","0","0",11.11
"772","GB",2020-03-07,3.12598231467896,"0","0","0","0","0","0",11.11
"773","GB",2020-03-08,-3.51754959945939,"0","0","0","0","0","0",11.11
"774","GB",2020-03-09,-0.115635506211403,"0","0","0","0","0","0",11.11
"775","GB",2020-03-10,-1.16929675996876,"0","0","0","0","0","0",11.11
"776","GB",2020-03-11,-0.445355565789597,"0","0","0","0","0","0",11.11
"777","GB",2020-03-12,-0.381122510842043,"0","0","0","0","0","0",11.11
"778","GB",2020-03-13,1.13212523329899,"0","0","0","0","0","0",11.11
"779","GB",2020-03-14,1.38936280399829,"0","0","0","0","0","0",11.11
"780","GB",2020-03-15,-2.6357339774039,"0","0","0","0","0","0",11.11
"781","GB",2020-03-16,0.769480327710793,"0","0","0","0","0","0",14.81
"782","GB",2020-03-17,-1.84891714168687,"0","0","0","0","0","0",20.37
"783","GB",2020-03-18,1.25481319540809,"0","0","0","0","0","0",20.37
"784","GB",2020-03-19,1.71298728931939,"0","0","0","0","0","0",20.37
"785","GB",2020-03-20,-0.0480578834640685,"0","0","0","0","0","0",20.37
"786","GB",2020-03-21,-4.97099448569383,"0","0","1","0","0","0",29.63
"787","GB",2020-03-22,-0.399542470011073,"0","0","1","0","0","0",35.19
"788","GB",2020-03-23,0.280232313079099,"1","0","1","0","1","0",70.37
"789","GB",2020-03-24,-5.30272359454495,"1","0","1","0","1","0",70.37
"790","GB",2020-03-25,-10.5863591011186,"1","0","1","0","1","0",70.37
"791","GB",2020-03-26,-12.6149303723278,"1","0","1","0","1","0",75.93
"792","GB",2020-03-27,-11.8465695461933,"1","0","1","0","1","0",75.93
"793","GB",2020-03-28,-15.5980565300168,"1","0","1","0","1","0",75.93
"794","GB",2020-03-29,-14.7259038004647,"1","0","1","0","1","0",75.93
"795","GB",2020-03-30,-3.61135908436916,"1","0","1","0","1","0",75.93
"796","GB",2020-03-31,-5.8102728801033,"1","0","1","0","1","0",75.93
"797","GB",2020-04-01,-6.56705886563567,"1","0","1","0","1","0",75.93
"798","GB",2020-04-02,-11.5033289486859,"1","0","1","0","1","0",75.93
"799","GB",2020-04-03,-10.1757970366219,"1","0","1","0","1","0",75.93
"800","GB",2020-04-04,-5.57074087042333,"1","0","1","0","1","0",75.93
"801","GB",2020-04-05,-22.8681217742263,"1","0","1","0","1","0",75.93
"802","GB",2020-04-06,-23.4332890697279,"1","0","1","0","1","0",75.93
"803","GB",2020-04-07,-16.5694928121339,"1","0","1","0","1","0",75.93
"804","GB",2020-04-08,-18.2145584334045,"1","0","1","0","1","0",75.93
"805","GB",2020-04-09,-17.9287518400148,"1","0","1","0","1","0",75.93
"806","GB",2020-04-10,-13.0132688571533,"1","0","1","0","1","0",75.93
"807","GB",2020-04-11,-15.9825628755352,"1","0","1","0","1","0",75.93
"808","GB",2020-04-12,-12.912389234349,"1","0","1","0","1","0",75.93
"809","GB",2020-04-13,-36.5657267544811,"1","0","1","0","1","0",75.93
"810","GB",2020-04-14,-14.4496963996564,"1","0","1","0","1","0",75.93
"811","GB",2020-04-15,-14.6013669579814,"1","0","1","0","1","0",75.93
"812","GB",2020-04-16,-14.0370847852714,"1","0","1","0","1","0",75.93
"813","GB",2020-04-17,-20.3080878360234,"1","0","1","0","1","0",75.93
"814","GB",2020-04-18,-9.24564020492233,"1","0","1","0","1","0",75.93
"815","GB",2020-04-19,-10.6637031006245,"1","0","1","0","1","0",75.93
"816","GB",2020-04-20,-29.6880980699285,"1","0","1","0","1","0",75.93
"817","GB",2020-04-21,-31.97079491559,"1","0","1","0","1","0",75.93
"818","GB",2020-04-22,-22.926565447878,"1","0","1","0","1","0",75.93
"819","GB",2020-04-23,-15.0345365281356,"1","0","1","0","1","0",75.93
"820","GB",2020-04-24,-14.7254033362873,"1","0","1","0","1","0",75.93
"821","GB",2020-04-25,-9.29430456691238,"1","0","1","0","1","0",75.93
"822","GB",2020-04-26,-6.2548291858211,"1","0","1","0","1","0",75.93
"823","GB",2020-04-27,-11.7918270067198,"1","0","1","0","1","0",75.93
"824","GB",2020-04-28,-11.2985008323654,"1","0","1","0","1","0",75.93
"825","GB",2020-04-29,-7.34662506441209,"1","0","1","0","1","0",75.93
"826","GB",2020-04-30,-9.65548948260239,"1","0","1","0","1","0",75.93
"827","GB",2020-05-01,-9.76473847840633,"1","0","1","0","1","0",75.93
"828","GB",2020-05-02,-6.69870604627866,"1","0","1","0","1","0",75.93
"829","GB",2020-05-03,-2.31525873722718,"1","0","1","0","1","0",75.93
"830","GB",2020-05-04,-0.387313705366641,"1","0","1","0","1","0",75.93
"831","GB",2020-05-05,-9.84750514400792,"1","0","1","0","1","0",75.93
"832","GB",2020-05-06,-6.32896014473044,"1","0","1","0","1","0",75.93
"833","GB",2020-05-07,-9.96563081067041,"1","0","1","0","1","0",75.93
"834","GB",2020-05-08,-16.4433031197912,"1","0","1","0","1","0",75.93
"835","GB",2020-05-09,-8.71672883752487,"1","0","1","0","1","0",75.93
"836","GB",2020-05-10,-16.9952236930346,"1","0","1","0","1","0",75.93
"837","GB",2020-05-11,-19.4436795699219,"1","0","1","0","1","0",75.93
"838","GB",2020-05-12,-6.81768408525597,"1","0","1","0","1","0",75.93
"839","GB",2020-05-13,-9.27169019356277,"1","0","1","0","0","0",69.44
"840","GB",2020-05-14,-6.59040018527226,"1","0","1","0","0","0",69.44
"841","GB",2020-05-15,-6.55963695676873,"1","0","1","0","0","0",69.44
"842","GB",2020-05-16,-4.22113628492542,"1","0","1","0","0","0",69.44
"843","GB",2020-05-17,-4.2164538461297,"1","0","1","0","0","0",69.44
"844","GB",2020-05-18,-14.3453903507393,"1","0","1","0","0","0",69.44
"845","GB",2020-05-19,-7.42298179512721,"1","0","1","0","0","0",69.44
"846","GB",2020-05-20,-7.46412848760857,"1","0","1","0","0","0",69.44
"847","GB",2020-05-21,-9.41953095985011,"1","0","1","0","0","0",69.44
"848","GB",2020-05-22,-37.4731790689889,"1","0","1","0","0","0",69.44
"849","GB",2020-05-23,-38.6429477825642,"1","0","1","0","0","0",69.44
"850","GB",2020-05-24,-20.0009374311969,"1","0","1","0","0","0",69.44
"851","GB",2020-05-25,-13.6314861501418,"1","0","1","0","0","0",69.44
"852","GB",2020-05-26,-9.91043488375034,"1","0","1","0","0","0",69.44
"853","GB",2020-05-27,-9.37644470683826,"1","0","1","0","0","0",69.44
"854","GB",2020-05-28,-6.4064574476569,"1","0","1","0","0","0",69.44
"855","GB",2020-05-29,-8.05800568063027,"1","0","1","0","0","0",69.44
"856","GB",2020-05-30,-10.3584377156951,"1","0","1","0","0","0",69.44
"857","GB",2020-05-31,-8.37149053596232,"1","0","1","0","0","0",69.44
"858","GB",2020-06-01,-7.34394010225276,"0","0","1","0","0","0",67.59
"859","GB",2020-06-02,-13.5810868743188,"0","0","1","0","0","0",67.59
"860","GB",2020-06-03,-17.59193910538,"0","0","1","0","0","0",67.59
"861","GB",2020-06-04,-13.2839369539044,"0","0","1","0","0","0",67.59
"862","GB",2020-06-05,-14.8792179093849,"0","0","1","0","0","0",67.59
"863","GB",2020-06-06,-16.9624407014208,"0","0","1","0","0","0",67.59
"864","GB",2020-06-07,-4.13996205808155,"0","0","1","0","0","0",67.59
"865","GB",2020-06-08,-11.281851307558,"0","0","1","0","0","0",73.15
"866","GB",2020-06-09,-13.5092904686573,"0","0","1","0","0","0",73.15
"867","GB",2020-06-10,-9.17249654667319,"0","0","1","0","0","0",73.15
"868","GB",2020-06-11,-8.20168060852961,"0","0","1","0","0","0",73.15
"869","GB",2020-06-12,-8.84991741837802,"0","0","1","0","0","0",73.15
"870","GB",2020-06-13,-3.89949377073122,"0","0","1","0","0","0",73.15
"871","GB",2020-06-14,-0.881297879795124,"0","0","1","0","0","0",73.15
"872","GB",2020-06-15,-7.07254224405156,"0","0","1","0","0","0",71.3
"873","GB",2020-06-16,-20.7046753310254,"0","0","1","0","0","0",71.3
"874","GB",2020-06-17,-18.5935074651072,"0","0","1","0","0","0",71.3
"875","GB",2020-06-18,-13.3573410935536,"0","0","1","0","0","0",71.3
"876","GB",2020-06-19,-9.82737153950215,"0","0","1","0","0","0",71.3
"877","GB",2020-06-20,-4.51800999713905,"0","0","1","0","0","0",71.3
"878","GB",2020-06-21,-14.9356044656015,"0","0","1","0","0","0",71.3
"879","GB",2020-06-22,-7.97394802089709,"0","0","1","0","0","0",71.3
"880","GB",2020-06-23,-20.6643278136027,"0","0","1","0","0","0",71.3
"881","GB",2020-06-24,-29.1286152367921,"0","0","1","0","0","0",71.3
"882","GB",2020-06-25,-23.8312432306905,"0","0","1","0","0","0",71.3
"883","GB",2020-06-26,-16.5716212408758,"0","0","1","0","0","0",71.3
"884","GB",2020-06-27,-8.28967326654269,"0","0","1","0","0","0",71.3
"885","GB",2020-06-28,-33.5483513091006,"0","0","1","0","0","0",71.3
"886","GB",2020-06-29,-24.2223351839586,"0","0","1","0","0","0",71.3
"887","GB",2020-06-30,-19.8338095751948,"0","0","1","0","0","0",71.3
"888","GB",2020-07-01,-17.3153965423573,"0","0","1","0","0","0",71.3
"889","GB",2020-07-02,-24.4434295107498,"0","0","1","0","0","0",71.3
"890","GB",2020-07-03,-18.4916193199687,"0","0","1","0","0","0",71.3
"891","GB",2020-07-04,-12.408494115206,"0","0","1","0","0","0",69.91
"892","GB",2020-07-05,-21.3046681045491,"0","0","1","0","0","0",69.91
"893","GB",2020-07-06,-13.8788238591597,"0","0","1","0","0","0",64.35
"894","GB",2020-07-07,-13.078651275183,"0","0","1","0","0","0",64.35
"895","GB",2020-07-08,-20.1499819718851,"0","0","1","0","0","0",64.35
"896","GB",2020-07-09,-20.7926861243317,"0","0","1","0","0","0",64.35
"897","GB",2020-07-10,-17.4309134058241,"0","0","1","0","0","0",64.35
"898","GB",2020-07-11,-3.6715755047311,"0","0","1","0","0","0",64.35
"899","GB",2020-07-12,-0.208148160616332,"0","0","1","0","0","0",64.35
"900","GB",2020-07-13,-14.3247439845458,"0","0","1","0","0","0",64.35
"901","GB",2020-07-14,-16.4737985197932,"0","0","1","0","0","0",64.35
"902","GB",2020-07-15,-22.5137002040034,"0","0","1","0","0","0",64.35
"903","GB",2020-07-16,-17.7614554027655,"0","0","1","0","0","0",64.35
"904","GB",2020-07-17,-16.5912473682906,"0","0","1","0","0","0",64.35
"905","GB",2020-07-18,-1.36396700015618,"0","0","1","0","0","0",64.35
"906","GB",2020-07-19,-1.95294573686452,"0","0","1","0","0","0",64.35
"907","GB",2020-07-20,-14.9719103430336,"0","0","1","0","0","0",64.35
"908","GB",2020-07-21,-17.274621329086,"0","0","1","0","0","0",64.35
"909","GB",2020-07-22,-28.6785039323019,"0","0","1","0","0","0",64.35
"910","GB",2020-07-23,-22.7220314984025,"0","0","1","0","0","0",64.35
"911","GB",2020-07-24,-11.3117461989222,"0","0","1","0","0","0",64.35
"912","GB",2020-07-25,-2.88635643345248,"0","0","1","0","0","0",64.35
"913","GB",2020-07-26,-5.8541589679275,"0","0","1","0","0","0",64.35
"914","GB",2020-07-27,-11.9080933809431,"0","0","1","0","0","0",64.35
"915","GB",2020-07-28,-17.8284005860518,"0","0","1","0","0","0",64.35
"916","GB",2020-07-29,-12.0696143269624,"0","0","1","0","0","0",64.35
"917","GB",2020-07-30,-13.6989089115458,"0","0","1","0","0","0",64.35
"918","GB",2020-07-31,-15.8447204143942,"0","0","1","0","0","0",64.35
"919","CA",2020-03-01,2.96927616285856,"0","0","0","0","0","0",11.11
"920","CA",2020-03-02,5.55488035378792,"0","0","0","0","0","0",13.89
"921","CA",2020-03-03,-0.15002431223072,"0","0","0","0","0","0",13.89
"922","CA",2020-03-04,-0.199188380639838,"0","0","0","0","0","0",13.89
"923","CA",2020-03-05,1.2911095373708,"0","0","0","0","0","0",13.89
"924","CA",2020-03-06,2.05998359250771,"0","0","0","0","0","0",13.89
"925","CA",2020-03-07,3.32036847774231,"0","0","0","0","0","0",23.15
"926","CA",2020-03-08,-0.566746250837266,"0","0","0","0","0","0",23.15
"927","CA",2020-03-09,3.19022091085389,"0","0","0","0","0","0",23.15
"928","CA",2020-03-10,4.34657173759088,"0","0","0","0","0","0",23.15
"929","CA",2020-03-11,1.60774075888939,"0","0","1","0","0","0",37.96
"930","CA",2020-03-12,4.53708219364723,"0","0","1","0","0","0",41.67
"931","CA",2020-03-13,3.98784181735695,"0","0","1","0","0","0",43.52
"932","CA",2020-03-14,5.3945608270686,"0","0","1","0","0","0",43.52
"933","CA",2020-03-15,4.1448765489827,"0","0","1","0","0","0",43.52
"934","CA",2020-03-16,3.60331639909049,"0","0","1","0","0","0",60.19
"935","CA",2020-03-17,-0.14141651513443,"0","0","1","0","0","0",67.59
"936","CA",2020-03-18,1.61788094256787,"0","0","1","0","0","0",67.59
"937","CA",2020-03-19,0.347077360324625,"0","1","1","0","1","0",80.56
"938","CA",2020-03-20,-1.84762921862686,"0","1","1","0","1","0",80.56
"939","CA",2020-03-21,-0.143420681651767,"0","1","1","0","1","0",80.56
"940","CA",2020-03-22,0.267396746861569,"0","1","1","0","1","0",80.56
"941","CA",2020-03-23,-4.40482407360186,"0","1","1","0","1","0",80.56
"942","CA",2020-03-24,-4.45407260935881,"0","1","1","0","1","0",80.56
"943","CA",2020-03-25,-6.88538056590705,"0","1","1","0","1","0",80.56
"944","CA",2020-03-26,-7.33809120882484,"0","1","1","0","1","0",80.56
"945","CA",2020-03-27,-6.50641123003733,"0","1","1","0","1","0",80.56
"946","CA",2020-03-28,-2.40123532182141,"0","1","1","0","1","0",80.56
"947","CA",2020-03-29,-3.21165832564688,"0","1","1","0","1","0",80.56
"948","CA",2020-03-30,-8.13227857343133,"0","1","1","0","1","0",80.56
"949","CA",2020-03-31,-8.76925209753804,"0","1","1","0","1","0",80.56
"950","CA",2020-04-01,-10.7983796873812,"0","1","1","0","1","0",80.56
"951","CA",2020-04-02,-10.4697169639589,"0","1","1","0","1","0",80.56
"952","CA",2020-04-03,-11.6355082202882,"0","1","1","0","1","0",80.56
"953","CA",2020-04-04,-4.64483605100684,"0","1","1","0","1","0",80.56
"954","CA",2020-04-05,-1.34883148231667,"0","1","1","0","1","0",80.56
"955","CA",2020-04-06,-5.08199140271016,"0","1","1","0","1","0",80.56
"956","CA",2020-04-07,-6.63918207072853,"0","1","1","0","1","0",80.56
"957","CA",2020-04-08,-7.85556747046796,"0","1","1","0","1","0",80.56
"958","CA",2020-04-09,-5.33596272961628,"0","1","1","0","1","0",80.56
"959","CA",2020-04-10,-5.12278041303197,"0","1","1","0","1","0",80.56
"960","CA",2020-04-11,-10.1425357397541,"0","1","1","0","1","0",80.56
"961","CA",2020-04-12,-7.03760763526818,"0","1","1","0","1","0",80.56
"962","CA",2020-04-13,-12.6148644890244,"0","1","1","0","1","0",80.56
"963","CA",2020-04-14,-17.0808517030246,"0","1","1","0","1","0",80.56
"964","CA",2020-04-15,-17.6757064275352,"0","1","1","0","1","0",80.56
"965","CA",2020-04-16,-15.3142649996832,"0","1","1","0","1","0",80.56
"966","CA",2020-04-17,-11.3789530686327,"0","1","1","0","1","0",80.56
"967","CA",2020-04-18,-7.80359834458735,"0","1","1","0","1","0",80.56
"968","CA",2020-04-19,-9.14300824335251,"0","1","1","0","1","0",80.56
"969","CA",2020-04-20,-11.0031844651815,"0","1","1","0","1","0",80.56
"970","CA",2020-04-21,-14.4109005194562,"0","1","1","0","1","0",80.56
"971","CA",2020-04-22,-13.9300849516066,"0","1","1","0","1","0",80.56
"972","CA",2020-04-23,-9.92509855130907,"0","1","1","0","1","0",80.56
"973","CA",2020-04-24,-4.89678076076006,"0","1","1","0","1","0",80.56
"974","CA",2020-04-25,1.25294555508568,"0","1","1","0","1","0",80.56
"975","CA",2020-04-26,-1.33233181353593,"0","1","1","0","1","0",80.56
"976","CA",2020-04-27,-2.77047268813101,"0","1","1","0","1","0",80.56
"977","CA",2020-04-28,-1.87229772652042,"0","1","1","0","1","0",80.56
"978","CA",2020-04-29,0.0181135110434375,"0","1","1","0","1","0",80.56
"979","CA",2020-04-30,-2.66749799460734,"0","1","1","0","1","0",80.56
"980","CA",2020-05-01,-6.73720819273644,"0","1","1","0","1","0",80.56
"981","CA",2020-05-02,-2.86261171769914,"0","1","1","0","1","0",80.56
"982","CA",2020-05-03,-4.14759744705169,"0","1","1","0","1","0",80.56
"983","CA",2020-05-04,-6.92796335521666,"0","1","1","0","1","0",80.56
"984","CA",2020-05-05,-3.73317793213679,"0","1","1","0","1","0",80.56
"985","CA",2020-05-06,-0.480178771317355,"0","1","1","0","1","0",80.56
"986","CA",2020-05-07,-0.470357077587088,"0","1","1","0","1","0",80.56
"987","CA",2020-05-08,-0.261149345906847,"0","0","1","0","0","0",65.74
"988","CA",2020-05-09,1.69204015131128,"0","0","1","0","0","0",65.74
"989","CA",2020-05-10,0.459137233315345,"0","0","1","0","0","0",65.74
"990","CA",2020-05-11,-3.61576500317021,"0","0","1","0","0","0",65.74
"991","CA",2020-05-12,-5.94796551910253,"0","0","1","0","0","0",65.74
"992","CA",2020-05-13,-7.20554840053128,"0","0","1","0","0","0",65.74
"993","CA",2020-05-14,-7.46753197353737,"0","0","1","0","0","0",65.74
"994","CA",2020-05-15,-7.00987294829159,"0","0","1","0","0","0",65.74
"995","CA",2020-05-16,-2.84279937078109,"0","0","1","0","0","0",65.74
"996","CA",2020-05-17,-0.81955003618352,"0","0","1","0","0","0",65.74
"997","CA",2020-05-18,-7.21469095644401,"0","0","1","0","0","0",65.74
"998","CA",2020-05-19,-11.4356164480461,"0","0","1","0","0","0",65.74
"999","CA",2020-05-20,-12.412153067183,"0","0","1","0","0","0",65.74
"1000","CA",2020-05-21,-9.63938279264791,"0","0","1","0","0","0",65.74
"1001","CA",2020-05-22,-7.66048536262853,"0","0","1","0","0","0",65.74
"1002","CA",2020-05-23,-9.3275932461411,"0","0","1","0","0","0",65.74
"1003","CA",2020-05-24,-9.20313962568972,"0","0","1","0","0","0",65.74
"1004","CA",2020-05-25,-7.87744005489016,"0","0","1","0","0","0",65.74
"1005","CA",2020-05-26,2.37736266009417,"0","0","1","0","0","0",65.74
"1006","CA",2020-05-27,5.43324344454933,"0","0","1","0","0","0",65.74
"1007","CA",2020-05-28,5.14065108671104,"0","0","1","0","0","0",65.74
"1008","CA",2020-05-29,2.78988080988129,"0","0","1","0","0","0",65.74
"1009","CA",2020-05-30,-0.275499356680676,"0","0","1","0","0","0",65.74
"1010","CA",2020-05-31,-2.09150711630272,"0","0","1","0","0","0",65.74
"1011","CA",2020-06-01,-2.39491316436839,"0","0","1","0","0","0",65.74
"1012","CA",2020-06-02,-0.462964584800278,"0","0","1","0","0","0",65.74
"1013","CA",2020-06-03,2.79367926456912,"0","0","1","0","0","0",65.74
"1014","CA",2020-06-04,6.3626848274388,"0","0","1","0","0","0",65.74
"1015","CA",2020-06-05,-0.31527775356043,"0","0","1","0","0","0",65.74
"1016","CA",2020-06-06,-6.70717312706284,"0","0","1","0","0","0",65.74
"1017","CA",2020-06-07,-10.6039638742415,"0","0","1","0","0","0",65.74
"1018","CA",2020-06-08,-11.1496173854375,"0","0","1","0","0","0",65.74
"1019","CA",2020-06-09,-6.08985241730908,"0","0","1","0","0","0",65.74
"1020","CA",2020-06-10,-0.191276015045919,"0","0","1","0","0","0",65.74
"1021","CA",2020-06-11,2.90998826520794,"0","0","1","0","0","0",65.74
"1022","CA",2020-06-12,-0.353441008715849,"0","0","1","0","0","0",65.74
"1023","CA",2020-06-13,-5.8046734472512,"0","0","1","0","0","0",65.74
"1024","CA",2020-06-14,-6.46218814167843,"0","0","1","0","0","0",65.74
"1025","CA",2020-06-15,-3.73525242488799,"0","0","1","0","0","0",65.74
"1026","CA",2020-06-16,-5.82565566327646,"0","0","1","0","0","0",65.74
"1027","CA",2020-06-17,-7.77380066963864,"0","0","1","0","0","0",65.74
"1028","CA",2020-06-18,-6.54956202440172,"0","0","1","0","0","0",65.74
"1029","CA",2020-06-19,-3.49098383999754,"0","0","1","0","0","0",65.74
"1030","CA",2020-06-20,-3.14427607018553,"0","0","1","0","0","0",65.74
"1031","CA",2020-06-21,-3.09252140989333,"0","0","1","0","0","0",65.74
"1032","CA",2020-06-22,-2.21555368302485,"0","0","1","0","0","0",65.74
"1033","CA",2020-06-23,-1.17300196211168,"0","0","1","0","0","0",65.74
"1034","CA",2020-06-24,-0.648799364430787,"0","0","1","0","0","0",65.74
"1035","CA",2020-06-25,-0.855307684006,"0","0","1","0","0","0",65.74
"1036","CA",2020-06-26,-1.6057308171946,"0","0","1","0","0","0",65.74
"1037","CA",2020-06-27,-0.0268401349327467,"0","0","1","0","0","0",65.74
"1038","CA",2020-06-28,-6.476638763164,"0","0","1","0","0","0",65.74
"1039","CA",2020-06-29,-9.91956431641305,"0","0","1","0","0","0",65.74
"1040","CA",2020-06-30,-7.78240072798198,"0","0","1","0","0","0",65.74
"1041","CA",2020-07-01,-6.67939494825045,"0","0","1","0","0","0",65.74
"1042","CA",2020-07-02,-9.22524141056204,"0","0","1","0","0","0",65.74
"1043","CA",2020-07-03,-14.2156641190437,"0","0","1","0","0","0",65.74
"1044","CA",2020-07-04,-7.79155901524291,"0","0","1","0","0","0",65.74
"1045","CA",2020-07-05,-5.49264823735213,"0","0","1","0","0","0",65.74
"1046","CA",2020-07-06,-3.29092547965702,"0","0","1","0","0","0",65.74
"1047","CA",2020-07-07,-4.26936182879854,"0","0","1","0","0","0",65.74
"1048","CA",2020-07-08,-4.73687523835726,"0","0","1","0","0","0",65.74
"1049","CA",2020-07-09,-3.38803427423867,"0","0","1","0","0","0",65.74
"1050","CA",2020-07-10,-2.47361020449574,"0","0","1","0","0","0",65.74
"1051","CA",2020-07-11,-0.951870642462792,"0","0","1","0","0","0",65.74
"1052","CA",2020-07-12,3.17531832287731,"0","0","1","0","0","0",65.74
"1053","CA",2020-07-13,4.8483447195617,"0","0","1","0","0","0",65.74
"1054","CA",2020-07-14,-2.2926900269888,"0","0","1","0","0","0",65.74
"1055","CA",2020-07-15,-5.01634538936296,"0","0","1","0","0","0",65.74
"1056","CA",2020-07-16,-6.63858490513803,"0","0","1","0","0","0",65.74
"1057","CA",2020-07-17,-5.60948875180943,"0","0","1","0","0","0",65.74
"1058","CA",2020-07-18,-6.43319068146479,"0","0","1","0","0","0",65.74
"1059","CA",2020-07-19,-6.13884925133042,"0","0","1","0","0","0",65.74
"1060","CA",2020-07-20,-6.091322851369,"0","0","1","0","0","0",65.74
"1061","CA",2020-07-21,-7.76262877051683,"0","0","1","0","0","0",65.74
"1062","CA",2020-07-22,-9.36640461086993,"0","0","1","0","0","0",65.74
"1063","CA",2020-07-23,-11.4564976117729,"0","0","1","0","0","0",65.74
"1064","CA",2020-07-24,-10.2664741326785,"0","0","1","0","0","0",65.74
"1065","CA",2020-07-25,-10.7488572311151,"0","0","1","0","0","0",65.74
"1066","CA",2020-07-26,-10.118363538413,"0","0","1","0","0","0",65.74
"1067","CA",2020-07-27,-8.19035086894051,"0","0","1","0","0","0",65.74
"1068","CA",2020-07-28,-7.80543747836866,"0","0","1","0","0","0",65.74
"1069","CA",2020-07-29,-10.5455101282533,"0","0","1","0","0","0",65.74
"1070","CA",2020-07-30,-8.85393682424322,"0","0","1","0","0","0",65.74
"1071","CA",2020-07-31,-5.03881315788742,"0","0","1","0","0","0",65.74
"1072","FL",2020-03-01,3.30850323364404,"0","0","0","0","0","0",16.67
"1073","FL",2020-03-02,-6.51054963402279,"0","0","0","0","0","0",19.44
"1074","FL",2020-03-03,-8.33054629291202,"0","0","0","0","0","0",19.44
"1075","FL",2020-03-04,-1.94032217372872,"0","0","0","0","0","0",19.44
"1076","FL",2020-03-05,2.84351524303791,"0","0","0","0","0","0",19.44
"1077","FL",2020-03-06,-1.17086756516692,"0","0","0","0","0","0",19.44
"1078","FL",2020-03-07,-10.2601622967907,"0","0","0","0","0","0",19.44
"1079","FL",2020-03-08,-14.6601228057336,"0","0","0","0","0","0",19.44
"1080","FL",2020-03-09,-6.38512218711322,"0","0","0","0","0","0",19.44
"1081","FL",2020-03-10,-4.62492508234725,"0","0","0","0","0","0",19.44
"1082","FL",2020-03-11,-2.13466958753721,"0","0","0","0","0","0",19.44
"1083","FL",2020-03-12,-1.57314930655427,"0","0","0","0","0","0",28.7
"1084","FL",2020-03-13,0.374811788577642,"0","0","0","0","0","0",32.41
"1085","FL",2020-03-14,-0.967433186557196,"0","0","0","0","0","0",32.41
"1086","FL",2020-03-15,4.5000887571451,"0","0","0","0","0","0",32.41
"1087","FL",2020-03-16,4.22645333902344,"0","0","0","0","0","0",37.96
"1088","FL",2020-03-17,3.71226969327176,"1","0","0","0","0","0",61.57
"1089","FL",2020-03-18,4.16994357217687,"1","0","0","0","0","0",61.57
"1090","FL",2020-03-19,4.31539785980136,"1","0","0","0","0","0",61.57
"1091","FL",2020-03-20,6.29140969600508,"1","0","0","0","0","0",61.57
"1092","FL",2020-03-21,7.11050787432176,"1","0","0","0","0","0",61.57
"1093","FL",2020-03-22,6.74840370956939,"1","0","0","0","0","0",61.57
"1094","FL",2020-03-23,4.72603797604053,"1","0","0","0","1","0",67.13
"1095","FL",2020-03-24,2.66895369281755,"1","0","0","0","1","0",67.13
"1096","FL",2020-03-25,2.87543316675507,"1","0","0","0","1","0",67.13
"1097","FL",2020-03-26,4.98219202275416,"1","0","0","0","1","0",72.69
"1098","FL",2020-03-27,5.075380466312,"1","0","0","0","1","0",72.69
"1099","FL",2020-03-28,5.55274319387617,"1","0","0","0","1","0",72.69
"1100","FL",2020-03-29,7.06845790881355,"1","0","0","0","1","0",72.69
"1101","FL",2020-03-30,6.70651700054973,"1","0","0","0","1","0",72.69
"1102","FL",2020-03-31,6.49632180407841,"1","0","0","0","1","0",72.69
"1103","FL",2020-04-01,4.0753497206702,"1","0","0","0","1","0",72.69
"1104","FL",2020-04-02,-5.52634499558625,"1","0","0","0","1","0",74.54
"1105","FL",2020-04-03,-4.92018177725277,"1","0","1","0","1","0",78.7
"1106","FL",2020-04-04,-0.891151564413949,"1","0","1","0","1","0",78.7
"1107","FL",2020-04-05,0.762748587142413,"1","0","1","0","1","0",78.7
"1108","FL",2020-04-06,-4.48233047286605,"1","0","1","0","1","0",78.7
"1109","FL",2020-04-07,-4.69914585808671,"1","0","1","0","1","0",78.7
"1110","FL",2020-04-08,3.18870735745537,"1","0","1","0","1","0",78.7
"1111","FL",2020-04-09,3.87844076937168,"1","0","1","0","1","0",78.7
"1112","FL",2020-04-10,10.1615570507756,"1","0","1","0","1","0",78.7
"1113","FL",2020-04-11,2.64360329457275,"1","0","1","0","1","0",78.7
"1114","FL",2020-04-12,7.19411614093057,"1","0","1","0","1","0",78.7
"1115","FL",2020-04-13,11.4771252216694,"1","0","1","0","1","0",78.7
"1116","FL",2020-04-14,7.52191024468668,"1","0","1","0","1","0",78.7
"1117","FL",2020-04-15,8.90431778273278,"1","0","1","0","1","0",78.7
"1118","FL",2020-04-16,2.55025607578988,"1","0","1","0","1","0",78.7
"1119","FL",2020-04-17,0.38500257862859,"1","0","1","0","1","0",78.7
"1120","FL",2020-04-18,4.30717753519077,"1","0","1","0","1","0",78.7
"1121","FL",2020-04-19,3.81153024303258,"1","0","1","0","1","0",78.7
"1122","FL",2020-04-20,10.7161738126956,"1","0","1","0","1","0",78.7
"1123","FL",2020-04-21,4.02051140053108,"1","0","1","0","1","0",78.7
"1124","FL",2020-04-22,-1.07494748102515,"1","0","1","0","1","0",78.7
"1125","FL",2020-04-23,1.90622100303524,"1","0","1","0","1","0",78.7
"1126","FL",2020-04-24,6.73186805273473,"1","0","1","0","1","0",78.7
"1127","FL",2020-04-25,1.97370588353865,"1","0","1","0","1","0",78.7
"1128","FL",2020-04-26,2.96636421562954,"1","0","1","0","1","0",78.7
"1129","FL",2020-04-27,-8.0587873656384,"1","0","1","0","1","0",78.7
"1130","FL",2020-04-28,-10.1572187247036,"1","0","1","0","1","0",78.7
"1131","FL",2020-04-29,-3.3729248166695,"1","0","1","0","1","0",78.7
"1132","FL",2020-04-30,-3.38414586678098,"1","0","1","0","1","0",78.7
"1133","FL",2020-05-01,-13.1296776357358,"1","0","1","0","1","0",78.7
"1134","FL",2020-05-02,-10.270782572003,"1","0","1","0","1","0",78.7
"1135","FL",2020-05-03,-2.99855699531415,"1","0","1","0","1","0",78.7
"1136","FL",2020-05-04,-1.74621604578981,"1","0","0","0","1","0",74.07
"1137","FL",2020-05-05,-0.721174141960387,"1","0","0","0","1","0",74.07
"1138","FL",2020-05-06,-0.218154935760467,"1","0","0","0","1","0",74.07
"1139","FL",2020-05-07,-3.79473563127563,"1","0","0","0","1","0",74.07
"1140","FL",2020-05-08,-11.2144900370002,"1","0","0","0","1","0",74.07
"1141","FL",2020-05-09,-2.89184441671665,"1","0","0","0","1","0",74.07
"1142","FL",2020-05-10,-8.06752465844366,"1","0","0","0","1","0",74.07
"1143","FL",2020-05-11,-9.03715163667814,"1","0","0","0","1","0",74.07
"1144","FL",2020-05-12,-7.56907535019394,"1","0","0","0","1","0",74.07
"1145","FL",2020-05-13,-7.97472263552349,"1","0","0","0","1","0",74.07
"1146","FL",2020-05-14,-6.51085234420761,"1","0","0","0","1","0",74.07
"1147","FL",2020-05-15,-5.40137901229197,"1","0","0","0","1","0",74.07
"1148","FL",2020-05-16,-2.14318620703713,"1","0","0","0","1","0",74.07
"1149","FL",2020-05-17,0.436132859308036,"1","0","0","0","1","0",74.07
"1150","FL",2020-05-18,-5.05327648255868,"1","0","0","0","1","0",72.22
"1151","FL",2020-05-19,-5.05151990786983,"1","0","0","0","1","0",72.22
"1152","FL",2020-05-20,-0.385505228645027,"1","0","0","0","1","0",72.22
"1153","FL",2020-05-21,0.643859895973793,"1","0","0","0","1","0",72.22
"1154","FL",2020-05-22,-0.641571261046516,"1","0","0","0","1","0",72.22
"1155","FL",2020-05-23,1.65060346838145,"1","0","0","0","1","0",72.22
"1156","FL",2020-05-24,-2.97938840650829,"1","0","0","0","1","0",72.22
"1157","FL",2020-05-25,-7.61288530182289,"1","0","0","0","1","0",72.22
"1158","FL",2020-05-26,-3.57151188152581,"1","0","0","0","1","0",72.22
"1159","FL",2020-05-27,0.694904632125713,"1","0","0","0","1","0",72.22
"1160","FL",2020-05-28,0.262707741148654,"1","0","0","0","1","0",72.22
"1161","FL",2020-05-29,3.02301132738477,"1","0","0","0","1","0",72.22
"1162","FL",2020-05-30,4.18212651179357,"1","0","0","0","1","0",72.22
"1163","FL",2020-05-31,3.25857855055983,"1","0","0","0","1","0",72.22
"1164","FL",2020-06-01,4.74505421957821,"1","0","0","0","1","0",72.22
"1165","FL",2020-06-02,3.44849600809055,"1","0","0","0","1","0",72.22
"1166","FL",2020-06-03,-3.50350820457828,"1","0","0","0","1","0",72.22
"1167","FL",2020-06-04,-7.87234210578048,"1","0","0","0","1","0",72.22
"1168","FL",2020-06-05,-6.64460957156936,"1","0","0","0","1","0",68.98
"1169","FL",2020-06-06,-0.31547714305367,"1","0","0","0","1","0",68.98
"1170","FL",2020-06-07,1.12675738824221,"1","0","0","0","1","0",68.98
"1171","FL",2020-06-08,3.26929766953507,"1","0","0","0","1","0",68.98
"1172","FL",2020-06-09,5.24760660802933,"1","0","0","0","1","0",68.98
"1173","FL",2020-06-10,4.50865953608046,"1","0","0","0","1","0",68.98
"1174","FL",2020-06-11,2.16232248941331,"0","0","0","0","1","0",65.28
"1175","FL",2020-06-12,1.72875188866813,"0","0","0","0","1","0",65.28
"1176","FL",2020-06-13,1.78476135751559,"0","0","0","0","1","0",65.28
"1177","FL",2020-06-14,-0.97034102570537,"0","0","0","0","1","0",65.28
"1178","FL",2020-06-15,-2.63772991337984,"0","0","0","0","1","0",65.28
"1179","FL",2020-06-16,-1.41419205149759,"0","0","0","0","1","0",65.28
"1180","FL",2020-06-17,-0.94729738048992,"0","0","0","0","1","0",65.28
"1181","FL",2020-06-18,-3.03645876839772,"0","0","0","0","1","0",65.28
"1182","FL",2020-06-19,-2.74422228121324,"0","0","0","0","1","0",65.28
"1183","FL",2020-06-20,-0.102529210348306,"0","0","0","0","1","0",65.28
"1184","FL",2020-06-21,3.68987119289012,"0","0","0","0","1","0",65.28
"1185","FL",2020-06-22,5.8671139080452,"0","0","0","0","1","0",65.28
"1186","FL",2020-06-23,5.44877097996649,"0","0","0","0","1","0",65.28
"1187","FL",2020-06-24,7.13696669779938,"0","0","0","0","1","0",65.28
"1188","FL",2020-06-25,7.96270283772819,"0","0","0","0","1","0",65.28
"1189","FL",2020-06-26,8.59832431375908,"0","0","0","0","1","0",67.13
"1190","FL",2020-06-27,8.43670642592152,"0","0","0","0","1","0",67.13
"1191","FL",2020-06-28,7.50518361946348,"0","0","0","0","1","0",67.13
"1192","FL",2020-06-29,6.94093145002896,"0","0","0","0","1","0",67.13
"1193","FL",2020-06-30,6.56468038991383,"0","0","0","0","1","0",67.13
"1194","FL",2020-07-01,3.96487392701308,"0","0","0","0","1","0",67.13
"1195","FL",2020-07-02,4.02742334131239,"0","0","0","0","1","0",67.13
"1196","FL",2020-07-03,4.22433574974782,"0","0","0","0","1","0",67.13
"1197","FL",2020-07-04,4.20186623345158,"0","0","0","0","1","0",67.13
"1198","FL",2020-07-05,0.234599857082238,"0","0","0","0","1","0",67.13
"1199","FL",2020-07-06,-8.64093976268776,"0","0","0","0","1","0",67.13
"1200","FL",2020-07-07,-4.17146195090372,"0","0","0","0","1","0",67.13
"1201","FL",2020-07-08,2.43502655364851,"0","0","0","0","1","0",67.13
"1202","FL",2020-07-09,5.57022951724252,"0","0","0","0","1","0",67.13
"1203","FL",2020-07-10,6.02447799459314,"0","0","0","0","1","0",67.13
"1204","FL",2020-07-11,1.34765819257445,"0","0","0","0","1","0",67.13
"1205","FL",2020-07-12,1.46138777924487,"0","0","0","0","1","0",67.13
"1206","FL",2020-07-13,4.12555775107434,"0","0","0","0","1","0",67.13
"1207","FL",2020-07-14,5.89222547922258,"0","0","0","0","1","0",67.13
"1208","FL",2020-07-15,4.1511333431005,"0","0","0","0","1","0",67.13
"1209","FL",2020-07-16,1.77127759651145,"0","0","0","0","1","0",67.13
"1210","FL",2020-07-17,0.905383261109353,"0","0","0","0","1","0",67.13
"1211","FL",2020-07-18,-2.54774635190429,"0","0","0","0","1","0",67.13
"1212","FL",2020-07-19,4.00408034604426,"0","0","0","0","1","0",67.13
"1213","FL",2020-07-20,3.67185481682808,"0","0","0","0","1","0",67.13
"1214","FL",2020-07-21,-0.570052369923014,"0","0","0","0","1","0",67.13
"1215","FL",2020-07-22,-5.18841201110935,"0","0","0","0","1","0",67.13
"1216","FL",2020-07-23,-6.66961139053654,"0","0","0","0","1","0",67.13
"1217","FL",2020-07-24,-0.524930081676413,"0","0","0","0","1","0",67.13
"1218","FL",2020-07-25,1.69662318548935,"0","0","0","0","1","0",67.13
"1219","FL",2020-07-26,1.21676224691083,"0","0","0","0","1","0",67.13
"1220","FL",2020-07-27,1.20721857483248,"0","0","0","0","1","0",67.13
"1221","FL",2020-07-28,-2.03006689934588,"0","0","0","0","1","0",67.13
"1222","FL",2020-07-29,0.670004971001978,"0","0","0","0","1","0",67.13
"1223","FL",2020-07-30,4.20304521976253,"0","0","0","0","1","0",67.13
"1224","FL",2020-07-31,6.21987631701052,"0","0","0","0","1","0",67.13
"1225","NY",2020-03-01,2.75213930563407,"0","0","0","0","0","0",11.11
"1226","NY",2020-03-02,1.8255300256,"0","0","0","0","0","0",13.89
"1227","NY",2020-03-03,-5.22027268530868,"0","0","0","0","0","0",13.89
"1228","NY",2020-03-04,-5.29184384758325,"0","0","0","0","0","0",13.89
"1229","NY",2020-03-05,-4.58522845547276,"0","0","0","0","0","0",13.89
"1230","NY",2020-03-06,0.107202538428554,"0","0","0","0","0","0",13.89
"1231","NY",2020-03-07,-1.86427488560875,"0","0","0","0","0","0",13.89
"1232","NY",2020-03-08,-6.03863196459468,"0","0","0","0","0","0",13.89
"1233","NY",2020-03-09,-8.19632841795445,"0","0","0","0","0","0",23.15
"1234","NY",2020-03-10,-6.56309966345515,"0","0","0","0","0","0",23.15
"1235","NY",2020-03-11,-6.70520054945423,"0","0","0","0","0","0",23.15
"1236","NY",2020-03-12,-2.66967882993752,"0","0","0","0","0","0",26.85
"1237","NY",2020-03-13,-3.93906177141253,"0","0","0","0","0","0",41.67
"1238","NY",2020-03-14,-4.36534607400688,"0","0","0","0","0","0",41.67
"1239","NY",2020-03-15,-5.9304508730959,"0","0","0","0","0","0",41.67
"1240","NY",2020-03-16,-2.78929465343855,"0","0","0","0","0","0",62.04
"1241","NY",2020-03-17,-2.41456773687988,"0","0","0","0","0","0",62.04
"1242","NY",2020-03-18,-6.61611815763217,"0","0","0","0","0","0",64.81
"1243","NY",2020-03-19,-5.15588283127228,"1","0","0","0","0","0",66.67
"1244","NY",2020-03-20,-9.04936934081518,"1","0","0","0","0","0",66.67
"1245","NY",2020-03-21,-10.275615682827,"1","0","0","0","0","0",66.67
"1246","NY",2020-03-22,-5.00313687545404,"1","1","1","0","0","0",79.63
"1247","NY",2020-03-23,-2.0244684401511,"1","1","1","0","0","0",82.41
"1248","NY",2020-03-24,-8.23823128301343,"1","1","1","0","0","0",82.41
"1249","NY",2020-03-25,-6.46216917438711,"1","1","1","0","0","0",82.41
"1250","NY",2020-03-26,-11.0812314642852,"1","1","1","0","0","0",82.41
"1251","NY",2020-03-27,-14.900270180541,"1","1","1","0","0","0",82.41
"1252","NY",2020-03-28,-5.62701543118277,"1","1","1","0","0","0",82.41
"1253","NY",2020-03-29,-4.74437065805554,"1","1","1","0","0","0",82.41
"1254","NY",2020-03-30,-8.09542829874259,"1","1","1","0","0","0",82.41
"1255","NY",2020-03-31,-9.07927467147004,"1","1","1","0","0","0",82.41
"1256","NY",2020-04-01,-12.0259875167104,"1","1","1","0","0","0",82.41
"1257","NY",2020-04-02,-10.7219158712657,"1","1","1","0","0","0",82.41
"1258","NY",2020-04-03,-7.847770157404,"1","1","1","0","0","0",82.41
"1259","NY",2020-04-04,-10.0429613838226,"1","1","1","0","0","0",82.41
"1260","NY",2020-04-05,-10.645661681966,"1","1","1","0","0","0",82.41
"1261","NY",2020-04-06,-15.1891540120584,"1","1","1","0","0","0",82.41
"1262","NY",2020-04-07,-17.0728704114438,"1","1","1","0","0","0",82.41
"1263","NY",2020-04-08,-14.0006799524832,"1","1","1","0","0","0",82.41
"1264","NY",2020-04-09,-9.2546664000149,"1","1","1","0","0","0",82.41
"1265","NY",2020-04-10,-4.19618451703147,"1","1","1","0","0","0",82.41
"1266","NY",2020-04-11,-7.08344999142222,"1","1","1","0","0","0",82.41
"1267","NY",2020-04-12,-8.14016934438944,"1","1","1","0","0","0",82.41
"1268","NY",2020-04-13,-9.54331697464427,"1","1","1","0","0","0",82.41
"1269","NY",2020-04-14,-12.3776531216689,"1","1","1","0","0","0",82.41
"1270","NY",2020-04-15,-10.7920093869671,"1","1","1","0","0","0",82.41
"1271","NY",2020-04-16,-8.34904792904659,"1","1","1","0","0","0",82.41
"1272","NY",2020-04-17,-5.83904857242888,"1","1","1","0","0","0",82.41
"1273","NY",2020-04-18,-2.18108724332816,"1","1","1","0","0","0",82.41
"1274","NY",2020-04-19,-6.29413219102247,"1","1","1","0","0","0",82.41
"1275","NY",2020-04-20,-10.184737693636,"1","1","1","0","0","0",82.41
"1276","NY",2020-04-21,-5.39327884358935,"1","1","1","0","0","0",82.41
"1277","NY",2020-04-22,-5.60744601793491,"1","1","1","0","0","0",82.41
"1278","NY",2020-04-23,-3.38328868143663,"1","1","1","0","0","0",82.41
"1279","NY",2020-04-24,-3.1277064419497,"1","1","1","0","0","0",82.41
"1280","NY",2020-04-25,-9.49494327869843,"1","1","1","0","0","0",82.41
"1281","NY",2020-04-26,-2.6017516357682,"1","1","1","0","0","0",82.41
"1282","NY",2020-04-27,-4.08842873878093,"1","1","1","0","0","0",82.41
"1283","NY",2020-04-28,-10.2324785512808,"1","1","1","0","0","0",82.41
"1284","NY",2020-04-29,-7.87626254422049,"1","1","1","0","0","0",82.41
"1285","NY",2020-04-30,-5.68959988308097,"1","1","1","0","0","0",82.41
"1286","NY",2020-05-01,-8.1757443035952,"1","1","1","0","0","0",82.41
"1287","NY",2020-05-02,-12.360183547214,"1","1","1","0","0","0",82.41
"1288","NY",2020-05-03,-13.510630349896,"1","1","1","0","0","0",82.41
"1289","NY",2020-05-04,-9.12445435736346,"1","1","1","0","0","0",82.41
"1290","NY",2020-05-05,-11.5789997558125,"1","1","1","0","0","0",82.41
"1291","NY",2020-05-06,-7.5480767865641,"1","1","1","0","0","0",82.41
"1292","NY",2020-05-07,-10.4572700498138,"1","1","1","0","0","0",82.41
"1293","NY",2020-05-08,-6.45851897023416,"1","1","1","0","0","0",82.41
"1294","NY",2020-05-09,-1.87735435701941,"1","1","1","0","0","0",82.41
"1295","NY",2020-05-10,-5.78623162525217,"1","1","1","0","0","0",82.41
"1296","NY",2020-05-11,-5.83769193576217,"1","1","1","0","0","0",82.41
"1297","NY",2020-05-12,-7.57378910398426,"1","1","1","0","0","0",82.41
"1298","NY",2020-05-13,-9.81439404044664,"1","1","1","0","0","0",82.41
"1299","NY",2020-05-14,-11.019238190615,"1","1","1","0","0","0",82.41
"1300","NY",2020-05-15,-10.4707078242475,"1","0","1","0","0","0",76.85
"1301","NY",2020-05-16,-6.57190272526444,"1","0","1","0","0","0",76.85
"1302","NY",2020-05-17,-10.8353440918472,"1","0","1","0","0","0",76.85
"1303","NY",2020-05-18,-11.3041476798049,"1","0","1","0","0","0",76.85
"1304","NY",2020-05-19,-15.2291385218323,"1","0","1","0","0","0",76.85
"1305","NY",2020-05-20,-16.3983865504261,"1","0","1","0","0","0",76.85
"1306","NY",2020-05-21,-16.5610903032773,"1","0","1","0","0","0",76.85
"1307","NY",2020-05-22,-12.6220908075616,"1","0","1","0","0","0",76.85
"1308","NY",2020-05-23,-6.61600812805469,"1","0","1","0","0","0",76.85
"1309","NY",2020-05-24,-13.8220112291827,"1","0","1","0","0","0",76.85
"1310","NY",2020-05-25,-13.3284757179685,"1","0","1","0","0","0",76.85
"1311","NY",2020-05-26,-7.20028919778766,"1","0","1","0","0","0",76.85
"1312","NY",2020-05-27,-1.12955121155821,"1","0","1","0","0","0",76.85
"1313","NY",2020-05-28,1.00212210405083,"1","0","1","0","0","0",76.85
"1314","NY",2020-05-29,1.43346597311482,"1","0","1","0","0","0",76.85
"1315","NY",2020-05-30,-0.752490584142615,"1","0","1","0","0","0",76.85
"1316","NY",2020-05-31,-11.114409289577,"1","0","1","0","0","0",76.85
"1317","NY",2020-06-01,-16.0765545111236,"1","0","1","0","0","0",76.85
"1318","NY",2020-06-02,-14.7120613356499,"1","0","1","0","0","0",76.85
"1319","NY",2020-06-03,-7.5785044752147,"1","0","1","0","0","0",76.85
"1320","NY",2020-06-04,-1.58599267418186,"1","0","1","0","0","0",76.85
"1321","NY",2020-06-05,3.44857577245194,"1","0","1","0","0","0",76.85
"1322","NY",2020-06-06,7.00173371597903,"1","0","1","0","0","0",76.85
"1323","NY",2020-06-07,-6.37211249802392,"1","0","1","0","0","0",76.85
"1324","NY",2020-06-08,-10.2088278529926,"1","0","1","0","0","0",75
"1325","NY",2020-06-09,-3.68344673184808,"1","0","1","0","0","0",75
"1326","NY",2020-06-10,5.76190432188273,"1","0","1","0","0","0",75
"1327","NY",2020-06-11,5.13963094516738,"1","0","1","0","0","0",75
"1328","NY",2020-06-12,0.614318482162631,"1","0","1","0","0","0",75
"1329","NY",2020-06-13,-9.60439828112655,"1","0","1","0","0","0",75
"1330","NY",2020-06-14,-16.5120316194335,"1","0","1","0","0","0",75
"1331","NY",2020-06-15,-17.105434741682,"1","0","1","0","0","0",70.83
"1332","NY",2020-06-16,-17.1528794450397,"1","0","1","0","0","0",70.83
"1333","NY",2020-06-17,-14.2347528183459,"1","0","1","0","0","0",70.83
"1334","NY",2020-06-18,-7.53452595839976,"1","0","1","0","0","0",70.83
"1335","NY",2020-06-19,-0.972492646901527,"1","0","1","0","0","0",70.83
"1336","NY",2020-06-20,3.33084265195793,"1","0","1","0","0","0",70.83
"1337","NY",2020-06-21,5.98719797430137,"1","0","1","0","0","0",70.83
"1338","NY",2020-06-22,7.10067851902489,"1","0","1","0","0","0",70.83
"1339","NY",2020-06-23,7.47890518506504,"1","0","1","0","0","0",70.83
"1340","NY",2020-06-24,4.61569248709479,"1","0","1","0","0","0",70.83
"1341","NY",2020-06-25,-2.7379355917379,"0","0","0","0","0","0",64.35
"1342","NY",2020-06-26,-2.26498209641152,"0","0","0","0","0","0",64.35
"1343","NY",2020-06-27,-1.17533038467138,"0","0","0","0","0","0",64.35
"1344","NY",2020-06-28,4.68211853202165,"0","0","0","0","0","0",64.35
"1345","NY",2020-06-29,0.56624348315392,"0","0","0","0","0","0",64.35
"1346","NY",2020-06-30,-4.87257878862758,"0","0","0","0","0","0",64.35
"1347","NY",2020-07-01,-6.87407272489492,"0","0","0","0","0","0",64.35
"1348","NY",2020-07-02,-2.77273370061093,"0","0","0","0","0","0",64.35
"1349","NY",2020-07-03,0.178877006870902,"0","0","0","0","0","0",64.35
"1350","NY",2020-07-04,2.33107509303072,"0","0","0","0","0","0",64.35
"1351","NY",2020-07-05,2.75628355222911,"0","0","0","0","0","0",64.35
"1352","NY",2020-07-06,2.0110198936402,"0","0","0","0","0","0",64.35
"1353","NY",2020-07-07,-1.02870050472361,"0","0","0","0","0","0",64.35
"1354","NY",2020-07-08,3.33988394071489,"1","0","0","0","0","0",63.43
"1355","NY",2020-07-09,4.2283824650338,"1","0","0","0","0","0",63.43
"1356","NY",2020-07-10,2.74252858061556,"1","0","0","0","0","0",63.43
"1357","NY",2020-07-11,6.0735962088441,"1","0","0","0","0","0",63.43
"1358","NY",2020-07-12,5.02614192118422,"1","0","0","0","0","0",63.43
"1359","NY",2020-07-13,2.68237425710878,"0","0","0","0","0","0",61.57
"1360","NY",2020-07-14,-2.16396422413116,"0","0","0","0","0","0",61.57
"1361","NY",2020-07-15,-4.46056433245573,"0","0","0","0","0","0",61.57
"1362","NY",2020-07-16,-6.21525703378311,"0","0","0","0","0","0",61.57
"1363","NY",2020-07-17,-6.32428671112458,"0","0","0","0","0","0",61.57
"1364","NY",2020-07-18,3.46116721097344,"0","0","0","0","0","0",61.57
"1365","NY",2020-07-19,9.65265914852223,"0","0","0","0","0","0",61.57
"1366","NY",2020-07-20,12.4277342151212,"0","0","0","0","0","0",62.96
"1367","NY",2020-07-21,7.4635929077566,"0","0","0","0","0","0",62.96
"1368","NY",2020-07-22,7.55311684317317,"0","0","0","0","0","0",62.96
"1369","NY",2020-07-23,5.55858772948264,"0","0","0","0","0","0",62.96
"1370","NY",2020-07-24,1.08066637756188,"0","0","0","0","0","0",62.96
"1371","NY",2020-07-25,4.76066966153589,"0","0","0","0","0","0",62.96
"1372","NY",2020-07-26,10.2101525667157,"0","0","0","0","0","0",62.96
"1373","NY",2020-07-27,7.82897933778355,"0","0","0","0","0","0",62.96
"1374","NY",2020-07-28,12.6302915404169,"0","0","0","0","0","0",62.96
"1375","NY",2020-07-29,6.14349866925003,"0","0","0","0","0","0",62.96
"1376","NY",2020-07-30,6.34930588511183,"0","0","0","0","0","0",62.96
"1377","NY",2020-07-31,-0.749836477663581,"0","0","0","0","0","0",62.96
