date,cons
01/01/2015,1614195
02/01/2015,1657644
03/01/2015,1538343
04/01/2015,1415771
05/01/2015,1715017
06/01/2015,1812488
07/01/2015,1785322
08/01/2015,1720916
09/01/2015,1632620
10/01/2015,1387093
11/01/2015,1383103
12/01/2015,1645506
13/01/2015,1644285
14/01/2015,1644069
15/01/2015,1648376
16/01/2015,1638353
17/01/2015,1565579
18/01/2015,1564931
19/01/2015,1785707
20/01/2015,1848168
21/01/2015,1866448
22/01/2015,1869646
23/01/2015,1894793
24/01/2015,1749657
25/01/2015,1659569
26/01/2015,1797011
27/01/2015,1779133
28/01/2015,1786058
29/01/2015,1783889
30/01/2015,1798728
31/01/2015,1664717
,
01/02/2015,1638847
02/02/2015,1836825
03/02/2015,1901134
04/02/2015,1945617
05/02/2015,1972736
06/02/2015,2032693
07/02/2015,1834559
08/02/2015,1695719
09/02/2015,1836892
10/02/2015,1833594
11/02/2015,1792727
12/02/2015,1781532
13/02/2015,1727367
14/02/2015,1543120
15/02/2015,1477927
16/02/2015,1699942
17/02/2015,1715302
18/02/2015,1729881
19/02/2015,1731617
20/02/2015,1706904
21/02/2015,1570647
22/02/2015,1539189
23/02/2015,1680396
24/02/2015,1717504
25/02/2015,1678102
26/02/2015,1642511
27/02/2015,1645216
28/02/2015,1539725
,
01/03/2015,1394539
02/03/2015,1533351
03/03/2015,1565310
04/03/2015,1612753
05/03/2015,1636656
06/03/2015,1603874
07/03/2015,1429247
08/03/2015,1315290
09/03/2015,1453248
10/03/2015,1492616
11/03/2015,1462088
12/03/2015,1465213
13/03/2015,1493388
14/03/2015,1412938
15/03/2015,1387303
16/03/2015,1534494
17/03/2015,1496905
18/03/2015,1444165
19/03/2015,1485112
20/03/2015,1496459
21/03/2015,1385009
22/03/2015,1346487
23/03/2015,1492791
24/03/2015,1530080
25/03/2015,1581961
26/03/2015,1604227
27/03/2015,1513431
28/03/2015,1335293
29/03/2015,1204096
30/03/2015,1405184
31/03/2015,1413212
,
01/04/2015,1458586
02/04/2015,1482452
03/04/2015,1437919
04/04/2015,1313808
05/04/2015,1264888
06/04/2015,1275174
07/04/2015,1403200
08/04/2015,1377218
09/04/2015,1320153
10/04/2015,1270025
11/04/2015,1141598
12/04/2015,1065451
13/04/2015,1197431
14/04/2015,1192776
15/04/2015,1175070
16/04/2015,1175084
17/04/2015,1179774
18/04/2015,1070625
19/04/2015,1025338
20/04/2015,1187737
21/04/2015,1190940
22/04/2015,1181492
23/04/2015,1181271
24/04/2015,1167803
25/04/2015,1038983
26/04/2015,988459
27/04/2015,1195110
28/04/2015,1249530
29/04/2015,1263336
30/04/2015,1264969
,
01/05/2015,1077511
02/05/2015,1088830
03/05/2015,1017438
04/05/2015,1168364
05/05/2015,1169108
06/05/2015,1185222
07/05/2015,1188756
08/05/2015,1027441
09/05/2015,1001150
10/05/2015,944946
11/05/2015,1114852
12/05/2015,1138193
13/05/2015,1141528
14/05/2015,1000010
15/05/2015,1084045
16/05/2015,1028352
17/05/2015,957295
18/05/2015,1133718
19/05/2015,1182248
20/05/2015,1208261
21/05/2015,1211747
22/05/2015,1181517
23/05/2015,1032673
24/05/2015,940305
25/05/2015,980541
26/05/2015,1144670
27/05/2015,1160141
28/05/2015,1163968
29/05/2015,1151023
30/05/2015,1013460
31/05/2015,948906
,
01/06/2015,1132409
02/06/2015,1166463
03/06/2015,1169429
04/06/2015,1178365
05/06/2015,1171985
06/06/2015,1014821
07/06/2015,935897
08/06/2015,1119234
09/06/2015,1148835
10/06/2015,1153022
11/06/2015,1168518
12/06/2015,1144258
13/06/2015,996952
14/06/2015,927419
15/06/2015,1108301
16/06/2015,1135331
17/06/2015,1142095
18/06/2015,1154241
19/06/2015,1125097
20/06/2015,993670
21/06/2015,925928
22/06/2015,1124632
23/06/2015,1150395
24/06/2015,1153175
25/06/2015,1163786
26/06/2015,1161638
27/06/2015,1022599
28/06/2015,956214
29/06/2015,1154336
30/06/2015,1204537
,
01/07/2015,1222751
02/07/2015,1226756
03/07/2015,1220535
04/07/2015,1084298
05/07/2015,987341
06/07/2015,1182529
07/07/2015,1219910
08/07/2015,1186384
09/07/2015,1177456
10/07/2015,1172661
11/07/2015,1043797
12/07/2015,958991
13/07/2015,1073644
14/07/2015,1006950
15/07/2015,1179687
16/07/2015,1216942
17/07/2015,1205179
18/07/2015,1053225
19/07/2015,964700
20/07/2015,1165247
21/07/2015,1208353
22/07/2015,1193041
23/07/2015,1177003
24/07/2015,1158827
25/07/2015,1005788
26/07/2015,931454
27/07/2015,1092887
28/07/2015,1115980
29/07/2015,1112260
30/07/2015,1096016
31/07/2015,1070887
,
01/08/2015,954637
02/08/2015,900085
03/08/2015,1041234
04/08/2015,1046185
05/08/2015,1058290
06/08/2015,1074307
07/08/2015,1066286
08/08/2015,959454
09/08/2015,881412
10/08/2015,987584
11/08/2015,1019806
12/08/2015,1038703
13/08/2015,1031852
14/08/2015,1005026
15/08/2015,895521
16/08/2015,855623
17/08/2015,985427
18/08/2015,1017515
19/08/2015,1027030
20/08/2015,1042509
21/08/2015,1064270
22/08/2015,961485
23/08/2015,896534
24/08/2015,1056395
25/08/2015,1088154
26/08/2015,1113080
27/08/2015,1130935
28/08/2015,1119264
29/08/2015,1009469
30/08/2015,950343
31/08/2015,1134225
,
01/09/2015,1142440
02/09/2015,1132144
03/09/2015,1138390
04/09/2015,1126318
05/09/2015,994544
06/09/2015,937084
07/09/2015,1120532
08/09/2015,1150122
09/09/2015,1155239
10/09/2015,1155006
11/09/2015,1143221
12/09/2015,1009954
13/09/2015,947159
14/09/2015,1120597
15/09/2015,1161838
16/09/2015,1184460
17/09/2015,1178514
18/09/2015,1156712
19/09/2015,1022438
20/09/2015,957539
21/09/2015,1137316
22/09/2015,1178826
23/09/2015,1189109
24/09/2015,1194318
25/09/2015,1169097
26/09/2015,1036448
27/09/2015,976258
28/09/2015,1157024
29/09/2015,1193557
30/09/2015,1200092
,
01/10/2015,1212498
02/10/2015,1206882
03/10/2015,1071207
04/10/2015,1015935
05/10/2015,1193226
06/10/2015,1198931
07/10/2015,1210046
08/10/2015,1218492
09/10/2015,1217269
10/10/2015,1093278
11/10/2015,1033489
12/10/2015,1239283
13/10/2015,1309762
14/10/2015,1390208
15/10/2015,1453405
16/10/2015,1465513
17/10/2015,1284195
18/10/2015,1194162
19/10/2015,1371806
20/10/2015,1395314
21/10/2015,1413064
22/10/2015,1395610
23/10/2015,1344922
24/10/2015,1200562
25/10/2015,1161690
26/10/2015,1298120
27/10/2015,1305887
28/10/2015,1315457
29/10/2015,1333332
30/10/2015,1308915
31/10/2015,1167567
,
01/11/2015,1112850
02/11/2015,1335096
03/11/2015,1366606
04/11/2015,1337721
05/11/2015,1318699
06/11/2015,1281906
07/11/2015,1115314
08/11/2015,1056247
09/11/2015,1231649
10/11/2015,1284052
11/11/2015,1168517
12/11/2015,1323083
13/11/2015,1344268
14/11/2015,1248965
15/11/2015,1167474
16/11/2015,1349957
17/11/2015,1369127
18/11/2015,1338788
19/11/2015,1350597
20/11/2015,1362691
21/11/2015,1348300
22/11/2015,1391769
23/11/2015,1638203
24/11/2015,1729815
25/11/2015,1638546
26/11/2015,1614431
27/11/2015,1642762
28/11/2015,1505984
29/11/2015,1410344
30/11/2015,1528405
,
01/12/2015,1524750
02/12/2015,1552390
03/12/2015,1595070
04/12/2015,1553636
05/12/2015,1446022
06/12/2015,1337925
07/12/2015,1474115
08/12/2015,1523595
09/12/2015,1554323
10/12/2015,1660067
11/12/2015,1633742
12/12/2015,1445221
13/12/2015,1422257
14/12/2015,1602609
15/12/2015,1582860
16/12/2015,1515148
17/12/2015,1472029
18/12/2015,1437292
19/12/2015,1300446
20/12/2015,1244971
21/12/2015,1397459
22/12/2015,1410246
23/12/2015,1385522
24/12/2015,1314405
25/12/2015,1161725
26/12/2015,1218747
27/12/2015,1227871
28/12/2015,1367596
29/12/2015,1376368
30/12/2015,1403050
31/12/2015,1369881
01/01/2016,1292129
02/01/2016,1334605
03/01/2016,1364727
04/01/2016,1549812
05/01/2016,1618324
06/01/2016,1635632
07/01/2016,1628148
08/01/2016,1605797
09/01/2016,1428513
10/01/2016,1394005
11/01/2016,1597020
12/01/2016,1665748
13/01/2016,1722174
14/01/2016,1744715
15/01/2016,1793973
16/01/2016,1687962
17/01/2016,1638701
18/01/2016,1882366
19/01/2016,1897201
20/01/2016,1885390
21/01/2016,1891380
22/01/2016,1854655
23/01/2016,1570910
24/01/2016,1463807
25/01/2016,1598160
26/01/2016,1588794
27/01/2016,1582001
28/01/2016,1579877
29/01/2016,1602146
30/01/2016,1471939
31/01/2016,1359342
,
01/02/2016,1485737
02/02/2016,1515434
03/02/2016,1593962
04/02/2016,1669452
05/02/2016,1562840
06/02/2016,1405608
07/02/2016,1360142
08/02/2016,1562887
09/02/2016,1615655
10/02/2016,1687922
11/02/2016,1689700
12/02/2016,1696313
13/02/2016,1508237
14/02/2016,1421922
15/02/2016,1699320
16/02/2016,1769150
17/02/2016,1807963
18/02/2016,1803908
19/02/2016,1731199
20/02/2016,1537718
21/02/2016,1349873
22/02/2016,1521597
23/02/2016,1559775
24/02/2016,1614643
25/02/2016,1633558
26/02/2016,1657588
27/02/2016,1554019
28/02/2016,1507464
29/02/2016,1713784
,
01/03/2016,1718950
02/03/2016,1644057
03/03/2016,1679881
04/03/2016,1641163
05/03/2016,1516325
06/03/2016,1484472
07/03/2016,1684963
08/03/2016,1719547
09/03/2016,1694402
10/03/2016,1667434
11/03/2016,1618697
12/03/2016,1453235
13/03/2016,1395177
14/03/2016,1560947
15/03/2016,1557052
16/03/2016,1615563
17/03/2016,1601269
18/03/2016,1547824
19/03/2016,1420025
20/03/2016,1353833
21/03/2016,1500256
22/03/2016,1491737
23/03/2016,1517464
24/03/2016,1500321
25/03/2016,1476516
26/03/2016,1289691
27/03/2016,1176684
28/03/2016,1260745
29/03/2016,1425294
30/03/2016,1417569
31/03/2016,1427912
,
01/04/2016,1463656
02/04/2016,1325694
03/04/2016,1166870
04/04/2016,1319191
05/04/2016,1343544
06/04/2016,1353814
07/04/2016,1385743
08/04/2016,1414209
09/04/2016,1282090
10/04/2016,1181553
11/04/2016,1302044
12/04/2016,1305481
13/04/2016,1296327
14/04/2016,1300910
15/04/2016,1269128
16/04/2016,1143846
17/04/2016,1123453
18/04/2016,1324415
19/04/2016,1314472
20/04/2016,1270111
21/04/2016,1248616
22/04/2016,1225077
23/04/2016,1151458
24/04/2016,1176089
25/04/2016,1397055
26/04/2016,1410415
27/04/2016,1432776
28/04/2016,1403397
29/04/2016,1366885
30/04/2016,1246696
,
01/05/2016,1174319
02/05/2016,1291767
03/05/2016,1267425
04/05/2016,1240851
05/05/2016,1046556
06/05/2016,1067252
07/05/2016,991462
08/05/2016,938240
09/05/2016,1129577
10/05/2016,1161412
11/05/2016,1173788
12/05/2016,1183819
13/05/2016,1177807
14/05/2016,1058798
15/05/2016,999526
16/05/2016,1035156
17/05/2016,1168123
18/05/2016,1177942
19/05/2016,1193418
20/05/2016,1173011
21/05/2016,1015251
22/05/2016,958446
23/05/2016,1161560
24/05/2016,1184414
25/05/2016,1160275
26/05/2016,1134933
27/05/2016,1115841
28/05/2016,983294
29/05/2016,923985
30/05/2016,1127308
31/05/2016,1176756
,
01/06/2016,1168405
02/06/2016,1181054
03/06/2016,1167874
04/06/2016,1023594
05/06/2016,942481
06/06/2016,1102980
07/06/2016,1118399
08/06/2016,1119228
09/06/2016,1119088
10/06/2016,1103410
11/06/2016,977999
12/06/2016,922677
13/06/2016,1098562
14/06/2016,1116418
15/06/2016,1133422
16/06/2016,1139643
17/06/2016,1128042
18/06/2016,999364
19/06/2016,935493
20/06/2016,1118252
21/06/2016,1150480
22/06/2016,1159603
23/06/2016,1164371
24/06/2016,1139570
25/06/2016,996426
26/06/2016,929514
27/06/2016,1106999
28/06/2016,1136476
29/06/2016,1146289
30/06/2016,1155009
,
01/07/2016,1144697
02/07/2016,1003402
03/07/2016,937942
04/07/2016,1124318
05/07/2016,1154744
06/07/2016,1158731
07/07/2016,1171194
08/07/2016,1165486
09/07/2016,1039488
10/07/2016,977564
11/07/2016,1140807
12/07/2016,1148067
13/07/2016,1129638
14/07/2016,975037
15/07/2016,1041216
16/07/2016,982019
17/07/2016,935977
18/07/2016,1137074
19/07/2016,1186403
20/07/2016,1184999
21/07/2016,1174599
22/07/2016,1140940
23/07/2016,1005194
24/07/2016,939116
25/07/2016,1116463
26/07/2016,1137172
27/07/2016,1134839
28/07/2016,1133491
29/07/2016,1111920
30/07/2016,989429
31/07/2016,911592
,
01/08/2016,1028955
02/08/2016,1055487
03/08/2016,1065029
04/08/2016,1058638
05/08/2016,1025094
06/08/2016,935337
07/08/2016,890292
08/08/2016,1006762
09/08/2016,1014236
10/08/2016,1000822
11/08/2016,1005328
12/08/2016,1014595
13/08/2016,949643
14/08/2016,890761
15/08/2016,913126
16/08/2016,1038299
17/08/2016,1055383
18/08/2016,1054189
19/08/2016,1050270
20/08/2016,957582
21/08/2016,890459
22/08/2016,1057095
23/08/2016,1115345
24/08/2016,1139336
25/08/2016,1156213
26/08/2016,1152034
27/08/2016,1038786
28/08/2016,955808
29/08/2016,1119164
30/08/2016,1148761
31/08/2016,1161710
,
01/09/2016,1167457
02/09/2016,1159522
03/09/2016,1027217
04/09/2016,962795
05/09/2016,1137803
06/09/2016,1175236
07/09/2016,1170840
08/09/2016,1167128
09/09/2016,1154060
10/09/2016,1021218
11/09/2016,956569
12/09/2016,1142796
13/09/2016,1173105
14/09/2016,1155905
15/09/2016,1141485
16/09/2016,1124905
17/09/2016,995120
18/09/2016,944115
19/09/2016,1114576
20/09/2016,1140782
21/09/2016,1142026
22/09/2016,1143630
23/09/2016,1129882
24/09/2016,1001501
25/09/2016,937616
26/09/2016,1116741
27/09/2016,1148931
28/09/2016,1147431
29/09/2016,1148445
30/09/2016,1137572
,
01/10/2016,1019734
02/10/2016,965625
03/10/2016,1140110
04/10/2016,1176237
05/10/2016,1189455
06/10/2016,1217676
07/10/2016,1234257
08/10/2016,1104702
09/10/2016,1061685
10/10/2016,1286102
11/10/2016,1335069
12/10/2016,1371555
13/10/2016,1393221
14/10/2016,1362768
15/10/2016,1176944
16/10/2016,1093968
17/10/2016,1257988
18/10/2016,1299516
19/10/2016,1334827
20/10/2016,1352429
21/10/2016,1355963
22/10/2016,1242651
23/10/2016,1194123
24/10/2016,1318927
25/10/2016,1321553
26/10/2016,1327572
27/10/2016,1339153
28/10/2016,1339819
29/10/2016,1207771
30/10/2016,1181862
31/10/2016,1234455
,
01/11/2016,1179479
02/11/2016,1357931
03/11/2016,1444878
04/11/2016,1473671
05/11/2016,1299170
06/11/2016,1296655
07/11/2016,1576325
08/11/2016,1634887
09/11/2016,1629106
10/11/2016,1568304
11/11/2016,1388671
12/11/2016,1447916
13/11/2016,1354220
14/11/2016,1546722
15/11/2016,1560438
16/11/2016,1513741
17/11/2016,1484682
18/11/2016,1490001
19/11/2016,1393074
20/11/2016,1293296
21/11/2016,1426549
22/11/2016,1482597
23/11/2016,1481754
24/11/2016,1473651
25/11/2016,1498274
26/11/2016,1379838
27/11/2016,1340486
28/11/2016,1599993
29/11/2016,1740815
30/11/2016,1757535
,
01/12/2016,1770988
02/12/2016,1765377
03/12/2016,1602473
04/12/2016,1562452
05/12/2016,1691558
06/12/2016,1695854
07/12/2016,1708238
08/12/2016,1703009
09/12/2016,1665581
10/12/2016,1544162
11/12/2016,1474560
12/12/2016,1647989
13/12/2016,1671230
14/12/2016,1666657
15/12/2016,1686801
16/12/2016,1627495
17/12/2016,1544658
18/12/2016,1538516
19/12/2016,1742090
20/12/2016,1749406
21/12/2016,1737516
22/12/2016,1660670
23/12/2016,1596380
24/12/2016,1412166
25/12/2016,1290393
26/12/2016,1396407
27/12/2016,1526802
28/12/2016,1608750
29/12/2016,1692021
30/12/2016,1741738
31/12/2016,1727977
01/01/2017,1651639
02/01/2017,1768153
03/01/2017,1885327
04/01/2017,1922667
05/01/2017,1886476
06/01/2017,1960684
07/01/2017,1878672
08/01/2017,1698047
09/01/2017,1806214
10/01/2017,1802126
11/01/2017,1764317
12/01/2017,1731335
13/01/2017,1793223
14/01/2017,1706016
15/01/2017,1666315
16/01/2017,1834517
17/01/2017,1973804
18/01/2017,2061653
19/01/2017,2079021
20/01/2017,2055042
21/01/2017,1900592
22/01/2017,1819310
23/01/2017,1962735
24/01/2017,2008327
25/01/2017,2044137
26/01/2017,2036930
27/01/2017,1911045
28/01/2017,1633918
29/01/2017,1555816
30/01/2017,1681418
31/01/2017,1614051
,
01/02/2017,1588964
02/02/2017,1583009
03/02/2017,1598243
04/02/2017,1496374
05/02/2017,1460740
06/02/2017,1668844
07/02/2017,1662539
08/02/2017,1701253
09/02/2017,1762364
10/02/2017,1779445
11/02/2017,1679333
12/02/2017,1562723
13/02/2017,1636911
14/02/2017,1605710
15/02/2017,1534890
16/02/2017,1527954
17/02/2017,1528440
18/02/2017,1419088
19/02/2017,1387622
20/02/2017,1532208
21/02/2017,1506646
22/02/2017,1497242
23/02/2017,1514845
24/02/2017,1527931
25/02/2017,1448247
26/02/2017,1351100
27/02/2017,1521110
28/02/2017,1609424
,
01/03/2017,1623001
02/03/2017,1538738
03/03/2017,1494324
04/03/2017,1382370
05/03/2017,1392185
06/03/2017,1568777
07/03/2017,1598074
08/03/2017,1570812
09/03/2017,1464635
10/03/2017,1405556
11/03/2017,1250482
12/03/2017,1196358
13/03/2017,1375023
14/03/2017,1407929
15/03/2017,1384242
16/03/2017,1352775
17/03/2017,1335358
18/03/2017,1257289
19/03/2017,1171163
20/03/2017,1347609
21/03/2017,1393414
22/03/2017,1448449
23/03/2017,1459389
24/03/2017,1453457
25/03/2017,1276756
26/03/2017,1125743
27/03/2017,1298523
28/03/2017,1292581
29/03/2017,1271327
30/03/2017,1237756
31/03/2017,1206916
,
01/04/2017,1130214
02/04/2017,1099637
03/04/2017,1248563
04/04/2017,1259838
05/04/2017,1270893
06/04/2017,1293517
07/04/2017,1274295
08/04/2017,1098086
09/04/2017,1001468
10/04/2017,1161839
11/04/2017,1209364
12/04/2017,1226074
13/04/2017,1228078
14/04/2017,1203578
15/04/2017,1106959
16/04/2017,1044594
17/04/2017,1080718
18/04/2017,1275355
19/04/2017,1342392
20/04/2017,1365692
21/04/2017,1322325
22/04/2017,1153250
23/04/2017,1073843
24/04/2017,1231127
25/04/2017,1286682
26/04/2017,1376381
27/04/2017,1418116
28/04/2017,1394818
29/04/2017,1202382
30/04/2017,1104515
,
01/05/2017,1111546
02/05/2017,1292821
03/05/2017,1316251
04/05/2017,1301827
05/05/2017,1257251
06/05/2017,1129168
07/05/2017,1059905
08/05/2017,1094145
09/05/2017,1235474
10/05/2017,1224713
11/05/2017,1213390
12/05/2017,1188269
13/05/2017,1045729
14/05/2017,975136
15/05/2017,1137154
16/05/2017,1143657
17/05/2017,1142635
18/05/2017,1150393
19/05/2017,1147129
20/05/2017,1029538
21/05/2017,957515
22/05/2017,1116743
23/05/2017,1132945
24/05/2017,1133769
25/05/2017,984119
26/05/2017,1035697
27/05/2017,982135
28/05/2017,932139
29/05/2017,1119944
30/05/2017,1143438
31/05/2017,1142904
,
01/06/2017,1151373
02/06/2017,1140899
03/06/2017,998816
04/06/2017,912673
05/06/2017,954095
06/06/2017,1109842
07/06/2017,1128219
08/06/2017,1138676
09/06/2017,1129351
10/06/2017,1003641
11/06/2017,945322
12/06/2017,1123845
13/06/2017,1161818
14/06/2017,1173422
15/06/2017,1185030
16/06/2017,1160230
17/06/2017,1028604
18/06/2017,971420
19/06/2017,1176676
20/06/2017,1223812
21/06/2017,1239092
22/06/2017,1245959
23/06/2017,1195420
24/06/2017,1043683
25/06/2017,966998
26/06/2017,1150075
27/06/2017,1177758
28/06/2017,1149290
29/06/2017,1131509
30/06/2017,1118388
,
01/07/2017,1000925
02/07/2017,940612
03/07/2017,1118036
04/07/2017,1157479
05/07/2017,1177089
06/07/2017,1194790
07/07/2017,1197167
08/07/2017,1055187
09/07/2017,968952
10/07/2017,1131705
11/07/2017,1154976
12/07/2017,1169635
13/07/2017,1152781
14/07/2017,996531
15/07/2017,983548
16/07/2017,950950
17/07/2017,1149926
18/07/2017,1194534
19/07/2017,1191665
20/07/2017,1162203
21/07/2017,1137747
22/07/2017,1008795
23/07/2017,939879
24/07/2017,1099584
25/07/2017,1122932
26/07/2017,1129698
27/07/2017,1128987
28/07/2017,1105762
29/07/2017,990612
30/07/2017,924790
31/07/2017,1057884
,
01/08/2017,1083333
02/08/2017,1094886
03/08/2017,1101341
04/08/2017,1090084
05/08/2017,980039
06/08/2017,901211
07/08/2017,1010780
08/08/2017,1014536
09/08/2017,1004697
10/08/2017,1003370
11/08/2017,998228
12/08/2017,922283
13/08/2017,873316
14/08/2017,960408
15/08/2017,915397
16/08/2017,1008945
17/08/2017,1035462
18/08/2017,1039274
19/08/2017,945734
20/08/2017,893844
21/08/2017,1047291
22/08/2017,1089595
23/08/2017,1099926
24/08/2017,1110109
25/08/2017,1108321
26/08/2017,1003493
27/08/2017,943729
28/08/2017,1134262
29/08/2017,1174180
30/08/2017,1167827
31/08/2017,1134033
,
01/09/2017,1111770
02/09/2017,988071
03/09/2017,937665
04/09/2017,1110410
05/09/2017,1143902
06/09/2017,1143290
07/09/2017,1141192
08/09/2017,1138239
09/09/2017,1004532
10/09/2017,945680
11/09/2017,1124751
12/09/2017,1142390
13/09/2017,1176579
14/09/2017,1176312
15/09/2017,1168698
16/09/2017,1053356
17/09/2017,1012327
18/09/2017,1193516
19/09/2017,1222737
20/09/2017,1224503
21/09/2017,1202677
22/09/2017,1183558
23/09/2017,1047774
24/09/2017,977022
25/09/2017,1153144
26/09/2017,1177550
27/09/2017,1180264
28/09/2017,1177034
29/09/2017,1157025
30/09/2017,1034962
,
01/10/2017,993044
02/10/2017,1167402
03/10/2017,1186246
04/10/2017,1203207
05/10/2017,1218033
06/10/2017,1213448
07/10/2017,1109832
08/10/2017,1039065
09/10/2017,1203994
10/10/2017,1218877
11/10/2017,1218013
12/10/2017,1206187
13/10/2017,1185742
14/10/2017,1051402
15/10/2017,985078
16/10/2017,1154011
17/10/2017,1182084
18/10/2017,1192275
19/10/2017,1191106
20/10/2017,1191710
21/10/2017,1076660
22/10/2017,1056211
23/10/2017,1257021
24/10/2017,1255194
25/10/2017,1235836
26/10/2017,1241876
27/10/2017,1230007
28/10/2017,1149268
29/10/2017,1155373
30/10/2017,1310598
31/10/2017,1393171
,
01/11/2017,1253158
02/11/2017,1346900
03/11/2017,1321764
04/11/2017,1195534
05/11/2017,1187997
06/11/2017,1468900
07/11/2017,1563376
08/11/2017,1581699
09/11/2017,1560138
10/11/2017,1519337
11/11/2017,1316496
12/11/2017,1261246
13/11/2017,1543860
14/11/2017,1615456
15/11/2017,1614575
16/11/2017,1614672
17/11/2017,1580393
18/11/2017,1461239
19/11/2017,1401102
20/11/2017,1595221
21/11/2017,1573795
22/11/2017,1517058
23/11/2017,1457154
24/11/2017,1446657
25/11/2017,1382102
26/11/2017,1446874
27/11/2017,1657724
28/11/2017,1676464
29/11/2017,1720546
30/11/2017,1790237
01/01/2018,1345077
02/01/2018,1515993
03/01/2018,1526055
04/01/2018,1511207
05/01/2018,1500392
06/01/2018,1430716
07/01/2018,1413572
08/01/2018,1621281
09/01/2018,1657652
10/01/2018,1625751
11/01/2018,1656129
12/01/2018,1690203
13/01/2018,1592608
14/01/2018,1537478
15/01/2018,1694708
16/01/2018,1638424
17/01/2018,1686705
18/01/2018,1664697
19/01/2018,1655295
20/01/2018,1539846
21/01/2018,1424059
22/01/2018,1539240
23/01/2018,1565516
24/01/2018,1529567
25/01/2018,1567231
26/01/2018,1620601
27/01/2018,1544264
28/01/2018,1450109
29/01/2018,1593458
30/01/2018,1603258
31/01/2018,1621035
,
01/02/2018,1697403
02/02/2018,1751827
03/02/2018,1632245
04/02/2018,1603252
05/02/2018,1866301
06/02/2018,1900002
07/02/2018,1933052
08/02/2018,1935868
09/02/2018,1928253
10/02/2018,1747016
11/02/2018,1621220
12/02/2018,1796803
13/02/2018,1906795
14/02/2018,1881893
15/02/2018,1735094
16/02/2018,1662033
17/02/2018,1521627
18/02/2018,1508626
19/02/2018,1704571
20/02/2018,1701162
21/02/2018,1766914
22/02/2018,1856912
23/02/2018,1876418
24/02/2018,1745178
25/02/2018,1696207
26/02/2018,1976543
27/02/2018,2098080
28/02/2018,2157614
,
01/03/2018,2029480
02/03/2018,1846282
03/03/2018,1607522
04/03/2018,1491113
05/03/2018,1613501
06/03/2018,1607468
07/03/2018,1631466
08/03/2018,1627869
09/03/2018,1542143
10/03/2018,1330021
11/03/2018,1225341
12/03/2018,1445519
13/03/2018,1502269
14/03/2018,1498476
15/03/2018,1491475
16/03/2018,1471973
17/03/2018,1437850
18/03/2018,1485832
19/03/2018,1742483
20/03/2018,1787391
21/03/2018,1761386
22/03/2018,1731740
23/03/2018,1659479
24/03/2018,1445950
25/03/2018,1279899
26/03/2018,1493091
27/03/2018,1541133
28/03/2018,1507637
29/03/2018,1515845
30/03/2018,1518329
31/03/2018,1398892
,
01/04/2018,1321091
02/04/2018,1292359
03/04/2018,1391802
04/04/2018,1400870
05/04/2018,1411146
06/04/2018,1362379
07/04/2018,1167945
08/04/2018,1090174
09/04/2018,1276173
10/04/2018,1329708
11/04/2018,1350248
12/04/2018,1349267
13/04/2018,1308853
14/04/2018,1167904
15/04/2018,1089413
16/04/2018,1236139
17/04/2018,1229197
18/04/2018,1166878
19/04/2018,1139044
20/04/2018,1137151
21/04/2018,1006288
22/04/2018,940194
23/04/2018,1096269
24/04/2018,1128680
25/04/2018,1148961
26/04/2018,1169249
27/04/2018,1169550
28/04/2018,1049129
29/04/2018,1031888
30/04/2018,1218779
,
01/05/2018,1099997
02/05/2018,1261540
03/05/2018,1245636
04/05/2018,1208214
05/05/2018,1050405
06/05/2018,954982
07/05/2018,1059908
08/05/2018,980194
09/05/2018,1056773
10/05/2018,988615
11/05/2018,1061214
12/05/2018,1006870
13/05/2018,1000562
14/05/2018,1215670
15/05/2018,1225126
16/05/2018,1192590
17/05/2018,1180361
18/05/2018,1150322
19/05/2018,1017307
20/05/2018,945158
21/05/2018,978976
22/05/2018,1120274
23/05/2018,1130955
24/05/2018,1136109
25/05/2018,1134202
26/05/2018,999945
27/05/2018,935225
28/05/2018,1103964
29/05/2018,1124194
30/05/2018,1137840
31/05/2018,1137253
,
01/06/2018,1122406
02/06/2018,989065
03/06/2018,925062
04/06/2018,1103911
05/06/2018,1130527
06/06/2018,1137953
07/06/2018,1131134
08/06/2018,1121286
09/06/2018,1000371
10/06/2018,938006
11/06/2018,1112010
12/06/2018,1123559
13/06/2018,1118362
14/06/2018,1128118
15/06/2018,1120937
16/06/2018,991644
17/06/2018,923725
18/06/2018,1096980
19/06/2018,1139072
20/06/2018,1161001
21/06/2018,1149526
22/06/2018,1109324
23/06/2018,982168
24/06/2018,928307
25/06/2018,1106110
26/06/2018,1145238
27/06/2018,1153337
28/06/2018,1151595
29/06/2018,1128134
30/06/2018,1017863
,
01/07/2018,963828
02/07/2018,1151612
03/07/2018,1185765
04/07/2018,1183883
05/07/2018,1161223
06/07/2018,1147789
07/07/2018,1030854
08/07/2018,972341
09/07/2018,1150780
10/07/2018,1172802
11/07/2018,1161020
12/07/2018,1167667
13/07/2018,1164412
14/07/2018,1014639
15/07/2018,965733
16/07/2018,1124293
17/07/2018,1158940
18/07/2018,1169563
19/07/2018,1176953
20/07/2018,1149885
21/07/2018,1006906
22/07/2018,947882
23/07/2018,1130699
24/07/2018,1172826
25/07/2018,1188459
26/07/2018,1198795
27/07/2018,1172019
28/07/2018,1014339
29/07/2018,953585
30/07/2018,1106774
31/07/2018,1141110
,
01/08/2018,1141091
02/08/2018,1148863
03/08/2018,1142552
04/08/2018,1034987
05/08/2018,970096
06/08/2018,1087923
07/08/2018,1099577
08/08/2018,1068905
09/08/2018,1036551
10/08/2018,1009204
11/08/2018,934454
12/08/2018,885878
13/08/2018,985872
14/08/2018,1000740
15/08/2018,928370
16/08/2018,1016454
17/08/2018,1012764
18/08/2018,943164
19/08/2018,906390
20/08/2018,1050676
21/08/2018,1091785
22/08/2018,1104176
23/08/2018,1101768
24/08/2018,1070814
25/08/2018,957887
26/08/2018,905019
27/08/2018,1073410
28/08/2018,1120138
29/08/2018,1122550
30/08/2018,1119376
31/08/2018,1108473
,
01/09/2018,987851
02/09/2018,933152
03/09/2018,1098202
04/09/2018,1132901
05/09/2018,1141599
06/09/2018,1139475
07/09/2018,1123298
08/09/2018,993300
09/09/2018,940104
10/09/2018,1110118
11/09/2018,1148554
12/09/2018,1154545
13/09/2018,1152017
14/09/2018,1130626
15/09/2018,998276
16/09/2018,943277
17/09/2018,1117265
18/09/2018,1141946
19/09/2018,1149624
20/09/2018,1147814
21/09/2018,1132476
22/09/2018,997790
23/09/2018,956827
24/09/2018,1116743
25/09/2018,1153482
26/09/2018,1168103
27/09/2018,1164537
28/09/2018,1142143
29/09/2018,1020589
30/09/2018,979212
,
01/10/2018,1156643
02/10/2018,1215769
03/10/2018,1197374
04/10/2018,1182683
05/10/2018,1163813
06/10/2018,1024225
07/10/2018,989048
08/10/2018,1166355
09/10/2018,1183582
10/10/2018,1176341
11/10/2018,1164284
12/10/2018,1148012
13/10/2018,1010443
14/10/2018,955906
15/10/2018,1124986
16/10/2018,1156034
17/10/2018,1166610
18/10/2018,1166640
19/10/2018,1162959
20/10/2018,1047303
21/10/2018,1008840
22/10/2018,1202582
23/10/2018,1256538
24/10/2018,1256323
25/10/2018,1240771
26/10/2018,1271078
27/10/2018,1218000
28/10/2018,1310895
29/10/2018,1526593
30/10/2018,1538962
31/10/2018,1496305
,
01/11/2018,1292653
02/11/2018,1362643
03/11/2018,1342835
04/11/2018,1274258
05/11/2018,1375456
06/11/2018,1374634
07/11/2018,1415139
08/11/2018,1434128
09/11/2018,1402619
10/11/2018,1250144
11/11/2018,1172811
12/11/2018,1334105
13/11/2018,1362387
14/11/2018,1396083
15/11/2018,1401076
16/11/2018,1424206
17/11/2018,1353936
18/11/2018,1362578
19/11/2018,1649005
20/11/2018,1725677
21/11/2018,1724455
22/11/2018,1690924
23/11/2018,1643549
24/11/2018,1450173
25/11/2018,1419366
26/11/2018,1618355
27/11/2018,1649275
28/11/2018,1600084
29/11/2018,1540714
30/11/2018,1515718
,
01/12/2018,1408188
02/12/2018,1299774
03/12/2018,1414663
04/12/2018,1442567
05/12/2018,1485273
06/12/2018,1454760
07/12/2018,1460507
08/12/2018,1391844
09/12/2018,1331400
10/12/2018,1541066
11/12/2018,1641372
12/12/2018,1726024
13/12/2018,1803151
14/12/2018,1833358
15/12/2018,1722818
16/12/2018,1564789
17/12/2018,1663462
18/12/2018,1695207
19/12/2018,1634247
20/12/2018,1618199
21/12/2018,1537662
22/12/2018,1341471
23/12/2018,1276163
24/12/2018,1308545
25/12/2018,1314397
26/12/2018,1571717
27/12/2018,1655481
28/12/2018,1646209
29/12/2018,1570448
30/12/2018,1481350
31/12/2018,1502055
01/01/2019,1404668
02/01/2019,1592137
03/01/2019,1741802
04/01/2019,1802348
05/01/2019,1694191
06/01/2019,1626087
07/01/2019,1766177
08/01/2019,1741433
09/01/2019,1781200
10/01/2019,1861402
11/01/2019,1837571
12/01/2019,1646242
13/01/2019,1493504
14/01/2019,1636880
15/01/2019,1696855
16/01/2019,1750459
17/01/2019,1716434
18/01/2019,1801066
19/01/2019,1692464
20/01/2019,1616113
21/01/2019,1847291
22/01/2019,1905255
23/01/2019,1890080
24/01/2019,1928490
25/01/2019,1860342
26/01/2019,1620415
27/01/2019,1546913
28/01/2019,1774805
29/01/2019,1840133
30/01/2019,1852992
31/01/2019,1879104
,
01/02/2019,1776656
02/02/2019,1666242
03/02/2019,1652588
04/02/2019,1878926
05/02/2019,1809147
06/02/2019,1738650
07/02/2019,1696198
08/02/2019,1680024
09/02/2019,1504466
10/02/2019,1450147
11/02/2019,1678691
12/02/2019,1726511
13/02/2019,1727542
14/02/2019,1681603
15/02/2019,1608725
16/02/2019,1447043
17/02/2019,1353264
18/02/2019,1517652
19/02/2019,1557620
20/02/2019,1576624
21/02/2019,1548004
22/02/2019,1494141
23/02/2019,1325481
24/02/2019,1291576
25/02/2019,1454122
26/02/2019,1437885
27/02/2019,1412995
28/02/2019,1417948
,
01/03/2019,1428269
02/03/2019,1316354
03/03/2019,1253615
04/03/2019,1454560
05/03/2019,1491099
06/03/2019,1485966
07/03/2019,1472933
08/03/2019,1478514
09/03/2019,1326895
10/03/2019,1236445
11/03/2019,1473783
12/03/2019,1538719
13/03/2019,1549033
14/03/2019,1570231
15/03/2019,1483440
16/03/2019,1289392
17/03/2019,1269264
18/03/2019,1501108
19/03/2019,1511601
20/03/2019,1491261
21/03/2019,1444158
22/03/2019,1387637
23/03/2019,1237998
24/03/2019,1175412
25/03/2019,1376761
26/03/2019,1418719
27/03/2019,1416133
28/03/2019,1390109
29/03/2019,1337830
30/03/2019,1176483
31/03/2019,1065062
,
01/04/2019,1253741
02/04/2019,1296945
03/04/2019,1419629
04/04/2019,1476202
05/04/2019,1442005
06/04/2019,1294360
07/04/2019,1219337
08/04/2019,1361876
09/04/2019,1359943
10/04/2019,1368416
11/04/2019,1372535
12/04/2019,1374593
13/04/2019,1277088
14/04/2019,1255827
15/04/2019,1378696
16/04/2019,1349618
17/04/2019,1304585
18/04/2019,1235062
19/04/2019,1174670
20/04/2019,1039367
21/04/2019,974777
22/04/2019,989116
23/04/2019,1151489
24/04/2019,1184459
25/04/2019,1224537
26/04/2019,1233687
27/04/2019,1124360
28/04/2019,1115155
29/04/2019,1257230
30/04/2019,1232987
,
01/05/2019,1029639
02/05/2019,1199317
03/05/2019,1227933
04/05/2019,1172522
05/05/2019,1177218
06/05/2019,1325409
07/05/2019,1287989
08/05/2019,1140746
09/05/2019,1256626
10/05/2019,1239607
11/05/2019,1102126
12/05/2019,1051043
13/05/2019,1202438
14/05/2019,1195418
15/05/2019,1186418
16/05/2019,1182459
17/05/2019,1187486
18/05/2019,1071287
19/05/2019,1026223
20/05/2019,1183162
21/05/2019,1180321
22/05/2019,1159101
23/05/2019,1143347
24/05/2019,1125220
25/05/2019,998909
26/05/2019,944904
27/05/2019,1108725
28/05/2019,1142181
29/05/2019,1151096
30/05/2019,996120
31/05/2019,1036947
,
01/06/2019,976921
02/06/2019,923789
03/06/2019,1088008
04/06/2019,1116468
05/06/2019,1123626
06/06/2019,1121073
07/06/2019,1114105
08/06/2019,992068
09/06/2019,927723
10/06/2019,976050
11/06/2019,1131248
12/06/2019,1149470
13/06/2019,1139285
14/06/2019,1124992
15/06/2019,992833
16/06/2019,934653
17/06/2019,1099091
18/06/2019,1130565
19/06/2019,1129286
20/06/2019,1121569
21/06/2019,1105478
22/06/2019,985085
23/06/2019,938360
24/06/2019,1133918
25/06/2019,1185574
26/06/2019,1208032
27/06/2019,1224063
28/06/2019,1202670
29/06/2019,1082846
30/06/2019,1008086
,
01/07/2019,1152988
02/07/2019,1166821
03/07/2019,1173193
04/07/2019,1181775
05/07/2019,1188468
06/07/2019,1060069
07/07/2019,985423
08/07/2019,1141912
09/07/2019,1138797
10/07/2019,1149545
11/07/2019,1159844
12/07/2019,1152792
13/07/2019,1024533
14/07/2019,950680
15/07/2019,1105721
16/07/2019,1144890
17/07/2019,1155408
18/07/2019,1155280
19/07/2019,1148667
20/07/2019,1028597
21/07/2019,971000
22/07/2019,1160478
23/07/2019,1214595
24/07/2019,1230653
25/07/2019,1228352
26/07/2019,1164356
27/07/2019,984780
28/07/2019,900338
29/07/2019,1048832
30/07/2019,1076150
31/07/2019,1069096
,
01/08/2019,1072907
02/08/2019,1061015
03/08/2019,964104
04/08/2019,916805
05/08/2019,1027418
06/08/2019,1040857
07/08/2019,1028647
08/08/2019,1042459
09/08/2019,1049363
10/08/2019,942592
11/08/2019,882690
12/08/2019,968322
13/08/2019,977938
14/08/2019,984862
15/08/2019,904008
16/08/2019,957152
17/08/2019,925147
18/08/2019,889913
19/08/2019,1002110
20/08/2019,1027065
21/08/2019,1035818
22/08/2019,1044567
23/08/2019,1050655
24/08/2019,968472
25/08/2019,925872
26/08/2019,1096268
27/08/2019,1132190
28/08/2019,1138529
29/08/2019,1137396
30/08/2019,1130540
31/08/2019,1010421
,
01/09/2019,941424
02/09/2019,1083646
03/09/2019,1116543
04/09/2019,1124283
05/09/2019,1115098
06/09/2019,1101981
07/09/2019,978306
08/09/2019,932889
09/09/2019,1101183
10/09/2019,1124070
11/09/2019,1128433
12/09/2019,1129527
13/09/2019,1115076
14/09/2019,989548
15/09/2019,936620
16/09/2019,1103704
17/09/2019,1125707
18/09/2019,1122191
19/09/2019,1119284
20/09/2019,1109638
21/09/2019,986190
22/09/2019,927032
23/09/2019,1079906
24/09/2019,1111800
25/09/2019,1129320
26/09/2019,1138257
27/09/2019,1118826
28/09/2019,996094
29/09/2019,955704
30/09/2019,1111753
,
01/10/2019,1142339
02/10/2019,1151513
03/10/2019,1184062
04/10/2019,1179228
05/10/2019,1047154
06/10/2019,994427
07/10/2019,1164038
08/10/2019,1188209
09/10/2019,1200387
10/10/2019,1199655
11/10/2019,1175687
12/10/2019,1035889
13/10/2019,972346
14/10/2019,1126376
15/10/2019,1166911
16/10/2019,1200297
17/10/2019,1202552
18/10/2019,1192050
19/10/2019,1075068
20/10/2019,1038111
21/10/2019,1220211
22/10/2019,1279056
23/10/2019,1262727
24/10/2019,1240968
25/10/2019,1224373
26/10/2019,1087613
27/10/2019,1096885
28/10/2019,1263532
29/10/2019,1305857
30/10/2019,1315627
31/10/2019,1302212
,
01/11/2019,1140318
02/11/2019,1115675
03/11/2019,1117686
04/11/2019,1304852
05/11/2019,1368554
06/11/2019,1391612
07/11/2019,1439732
08/11/2019,1484394
09/11/2019,1381118
10/11/2019,1337313
11/11/2019,1383553
12/11/2019,1553766
13/11/2019,1595339
14/11/2019,1644126
15/11/2019,1671131
16/11/2019,1531690
17/11/2019,1469117
18/11/2019,1655298
19/11/2019,1681858
20/11/2019,1711024
21/11/2019,1678665
22/11/2019,1586283
23/11/2019,1396838
24/11/2019,1343292
25/11/2019,1483545
26/11/2019,1469546
27/11/2019,1461315
28/11/2019,1465719
29/11/2019,1466753
30/11/2019,1423577
,
01/12/2019,1418600
02/12/2019,1645806
03/12/2019,1737179
04/12/2019,1768918
05/12/2019,1762113
06/12/2019,1736171
07/12/2019,1476959
08/12/2019,1393694
09/12/2019,1599940
10/12/2019,1679435
11/12/2019,1699764
12/12/2019,1704015
13/12/2019,1629948
14/12/2019,1445666
15/12/2019,1357503
16/12/2019,1507108
17/12/2019,1471055
18/12/2019,1480784
19/12/2019,1447121
20/12/2019,1417327
21/12/2019,1353269
22/12/2019,1322007
23/12/2019,1421818
24/12/2019,1340229
25/12/2019,1222307
26/12/2019,1395229
27/12/2019,1386673
28/12/2019,1360987
29/12/2019,1438675
30/12/2019,1584444
31/12/2019,1600114
02/02/2020,1257003
03/02/2020,1396475
04/02/2020,1520248
05/02/2020,1585383
06/02/2020,1634787
07/02/2020,1630246
08/02/2020,1437450
09/02/2020,1362129
10/02/2020,1477090
11/02/2020,1550688
12/02/2020,1590242
13/02/2020,1606758
14/02/2020,1516044
15/02/2020,1371833
16/02/2020,1261217
17/02/2020,1454635
18/02/2020,1535144
19/02/2020,1549682
20/02/2020,1530331
21/02/2020,1538405
22/02/2020,1398250
23/02/2020,1285047
24/02/2020,1412006
25/02/2020,1472073
26/02/2020,1594458
27/02/2020,1632539
28/02/2020,1603429
29/02/2020,1401714
